Symbol,Date,Open,High,Low,Close,Volume,OpenInterest
BRD,2005-01-03,3.7,4,3.7,4,172000
BRD,2005-01-04,4,4.2,3.96,4.08,616000
BRD,2005-01-05,4.1,4.17,4.05,4.14,403000
BRD,2005-01-06,4.13,4.29,4.13,4.29,895000
BRD,2005-01-07,4.3,4.6,4.3,4.57,799500
BRD,2005-01-10,4.57,5,4.57,4.62,685000
BRD,2005-01-11,4.65,4.7,4.38,4.38,970000
BRD,2005-01-12,4.39,4.39,4.24,4.39,1352500
BRD,2005-01-13,4.39,4.6,4.32,4.58,779500
BRD,2005-01-14,4.55,4.6,4.55,4.59,256500
BRD,2005-01-17,4.6,4.65,4.58,4.65,1117000
BRD,2005-01-18,4.64,4.74,4.64,4.68,797000
BRD,2005-01-19,4.7,4.81,4.7,4.8,1918000
BRD,2005-01-20,4.9,4.94,4.85,4.94,1984500
BRD,2005-01-21,4.91,5.1,4.86,5.1,671500
BRD,2005-01-24,5.05,5.2,4.95,5.15,1409000
BRD,2005-01-25,5.15,5.15,5,5,539000
BRD,2005-01-26,5,5,4.85,4.89,156000
BRD,2005-01-27,4.86,4.86,4.76,4.84,1138000
BRD,2005-01-28,4.84,4.85,4.79,4.79,171000
BRD,2005-01-31,4.8,4.8,4.73,4.74,425500
BRD,2005-02-01,4.73,4.81,4.67,4.81,592000
BRD,2005-02-02,4.82,4.9,4.82,4.88,292500
BRD,2005-02-03,4.9,4.96,4.9,4.94,3017500
BRD,2005-02-04,4.97,4.99,4.93,4.98,590500
BRD,2005-02-07,4.98,5.05,4.95,5,515000
BRD,2005-02-08,5,5,4.78,4.85,299500
BRD,2005-02-09,4.77,4.84,4.4,4.7,1169500
BRD,2005-02-10,4.81,4.9,4.75,4.85,776000
BRD,2005-02-11,4.86,5.3,4.86,5.1,1225000
BRD,2005-02-14,5.15,5.5,5.15,5.5,1832500
BRD,2005-02-15,5.4,5.5,5.25,5.3,279000
BRD,2005-02-16,5.3,5.35,5.2,5.35,515000
BRD,2005-02-17,5.35,5.4,5.2,5.2,811500
BRD,2005-02-18,5.3,5.4,5.25,5.35,261000
BRD,2005-02-21,5.4,5.6,5.4,5.6,835000
BRD,2005-02-22,5.45,5.75,5.45,5.75,1117500
BRD,2005-02-23,5.7,6,5.7,5.95,526000
BRD,2005-02-24,5.9,6.05,5.8,5.85,513500
BRD,2005-02-25,5.75,5.75,5.5,5.5,541000
BRD,2005-02-28,5.55,5.55,5.4,5.5,274000
BRD,2005-03-01,5.55,5.7,5.55,5.7,143500
BRD,2005-03-07,5.65,5.7,5.25,5.25,293000
BRD,2005-03-08,5.35,5.5,5.2,5.45,577000
BRD,2005-03-09,5.4,5.6,5.4,5.6,585500
BRD,2005-03-10,5.6,5.9,5.6,5.8,398500
BRD,2005-03-11,5.7,5.8,5.65,5.8,152500
BRD,2005-03-14,5.75,5.8,5.7,5.75,59500
BRD,2005-03-15,5.65,5.7,5.55,5.7,416500
BRD,2005-03-16,5.6,5.7,5.55,5.6,740000
BRD,2005-03-17,5.5,5.5,5,5.05,531000
BRD,2005-03-18,5,5,4.5,4.85,472000
BRD,2005-03-21,5.05,5.35,4.7,4.7,618500
BRD,2005-03-22,4.65,4.75,4.5,4.6,215500
BRD,2005-03-23,4.7,4.8,4.45,4.59,349500
BRD,2005-03-24,4.55,4.75,4.5,4.55,574000
BRD,2005-03-25,4.6,4.6,4.44,4.45,140500
BRD,2005-03-28,4.39,4.39,3.9,3.92,178000
BRD,2005-03-29,3.66,4.2,3.66,4.11,526000
BRD,2005-03-30,4.3,4.65,4.21,4.4,504500
BRD,2005-03-31,4.54,4.85,4.5,4.81,246500
BRD,2005-04-01,4.95,5,4.95,4.96,252500
BRD,2005-04-04,4.99,5.05,4.9,4.9,276000
BRD,2005-04-05,4.81,5.1,4.76,5.1,630500
BRD,2005-04-06,5,5,4.95,5,131000
BRD,2005-04-07,4.95,5.15,4.95,5.1,533000
BRD,2005-04-08,5.3,5.3,5.05,5.05,281000
BRD,2005-04-11,5.05,5.15,5.05,5.15,64500
BRD,2005-04-12,5.1,5.25,5.1,5.2,128500
BRD,2005-04-13,5.3,5.35,5.25,5.3,209000
BRD,2005-04-14,5.25,5.25,4.85,5,554500
BRD,2005-04-15,4.95,4.95,4.6,4.66,307000
BRD,2005-04-18,4.6,4.7,4.52,4.52,363500
BRD,2005-04-19,4.55,4.56,4.35,4.39,405500
BRD,2005-04-20,4.36,4.36,4.11,4.11,299000
BRD,2005-04-21,4.16,4.35,4.16,4.26,122000
BRD,2005-04-22,4.36,4.36,4.28,4.32,295000
BRD,2005-04-25,4.35,4.35,4.2,4.24,23000
BRD,2005-04-26,4.25,4.4,4.23,4.4,69000
BRD,2005-04-27,4.45,4.45,4.3,4.33,41500
BRD,2005-04-28,4.3,4.4,4.3,4.4,39000
BRD,2005-05-05,4.79,4.85,4.6,4.65,378500
BRD,2005-05-06,4.68,4.69,4.59,4.62,154500
BRD,2005-05-09,4.66,4.66,4.58,4.58,95000
BRD,2005-05-10,4.62,4.63,4.45,4.45,132500
BRD,2005-05-11,4.5,4.5,4.36,4.37,148500
BRD,2005-05-12,4.36,4.36,4.22,4.27,279000
BRD,2005-05-13,4.27,4.39,4.27,4.37,174000
BRD,2005-05-16,4.35,4.38,4.33,4.38,75500
BRD,2005-05-17,4.45,4.56,4.43,4.47,375500
BRD,2005-05-18,4.48,4.51,4.44,4.49,137000
BRD,2005-05-19,4.5,4.62,4.5,4.6,244500
BRD,2005-05-20,4.61,4.81,4.61,4.79,439500
BRD,2005-05-23,4.8,4.8,4.65,4.67,123500
BRD,2005-05-24,4.63,4.73,4.63,4.69,137500
BRD,2005-05-25,4.64,4.65,4.6,4.6,128500
BRD,2005-05-26,4.6,4.6,4.45,4.49,478000
BRD,2005-05-27,4.49,4.49,4.3,4.3,524000
BRD,2005-08-02,11,12,10.6,11.4,569000
BRD,2005-08-03,11.6,12.5,11.6,12,812500
BRD,2005-08-04,11.8,12.2,11.8,11.8,539000
BRD,2005-08-05,11.9,12,11.5,11.5,166000
BRD,2005-08-08,11.6,11.8,11.6,11.8,209500
BRD,2005-08-09,11.8,11.9,11.7,11.9,92000
BRD,2005-08-10,11.9,11.9,11.7,11.7,68500
BRD,2005-08-11,11.7,11.8,11.6,11.6,102500
BRD,2005-08-12,11.7,12,11.6,12,155500
BRD,2005-08-15,12,12.7,12,12.6,380500
BRD,2005-08-16,12.8,13,12.3,12.4,318000
BRD,2005-08-17,12.5,12.5,11.9,12.4,364500
BRD,2005-08-18,12,12.2,11.7,11.7,381500
BRD,2005-08-19,12,12,11.8,11.8,72500
BRD,2005-08-22,11.8,11.8,11.7,11.7,46500
BRD,2005-08-23,11.7,11.9,11.7,11.8,62500
BRD,2005-08-24,11.7,12,11.7,12,50500
BRD,2005-08-25,11.9,11.9,11.7,11.7,69500
BRD,2005-08-26,11.7,11.8,11.7,11.7,80000
BRD,2005-08-29,11.7,11.7,11.5,11.5,100500
BRD,2005-08-30,11.6,11.7,11.5,11.6,29500
BRD,2005-08-31,11.7,11.9,11.6,11.8,51000
BRD,2005-09-01,11.8,12,11.7,12,168500
BRD,2005-09-02,12,12,11.8,11.9,69500
BRD,2005-09-05,11.9,11.9,11.6,11.6,91000
BRD,2005-09-06,11.7,11.9,11.7,11.9,110000
BRD,2005-09-07,11.9,11.9,11.7,11.7,38500
BRD,2005-09-08,11.8,12,11.8,12,86500
BRD,2005-09-09,11.9,12.1,11.9,11.9,162000
BRD,2005-09-12,12,12.1,11.9,11.9,90500
BRD,2005-09-13,12,12.1,11.9,12,192500
BRD,2005-09-14,12.1,12.4,12.1,12.1,244000
BRD,2005-09-15,12.4,12.7,12.3,12.5,249000
BRD,2005-09-16,12.6,12.7,12.4,12.4,73000
BRD,2005-09-19,12.5,12.7,12.4,12.7,200500
BRD,2005-09-20,12.6,13.1,12.6,13,430000
BRD,2005-09-21,13,13.2,12.8,12.8,187500
BRD,2005-09-22,12.8,12.9,12.7,12.9,42500
BRD,2005-09-23,12.8,13.2,12.8,13.1,139500
BRD,2005-09-26,13.2,13.3,13.2,13.2,115500
BRD,2005-09-27,13.2,13.4,13.1,13.3,138000
BRD,2005-09-28,13.3,13.3,12.9,13,69000
BRD,2005-09-29,13,13.1,12.8,13.1,66500
BRD,2005-09-30,13,13.1,12.9,12.9,62500
BRD,2005-10-03,12.9,13.3,12.9,13.2,110500
BRD,2005-10-04,13.2,13.3,13.1,13.2,166500
BRD,2005-10-05,13.1,13.1,12.9,13,229000
BRD,2005-10-06,13,13.2,13,13,437500
BRD,2005-10-07,13,13,12.9,12.9,134000
BRD,2005-10-10,12.9,13,12.9,12.9,67000
BRD,2005-10-11,13,13.1,12.9,12.9,115500
BRD,2005-10-12,13,13.2,13,13.1,199500
BRD,2005-10-13,13.2,13.3,13.1,13.1,304000
BRD,2005-10-14,13.2,13.2,12.9,12.9,297500
BRD,2005-10-17,13,13.1,13,13,136000
BRD,2005-10-18,13.1,13.4,13.1,13.4,219000
BRD,2005-10-19,13.5,13.6,13.3,13.3,251500
BRD,2005-10-20,13.2,13.4,13.1,13.1,181000
BRD,2005-10-21,13.3,13.3,12.9,13,312000
BRD,2005-10-24,13.1,13.2,13,13,211500
BRD,2005-10-25,13,13.2,13,13.2,380500
BRD,2005-10-26,13.2,13.3,13,13,267500
BRD,2005-10-27,13.1,13.3,13,13,201000
BRD,2005-10-28,13,13,12.9,12.9,84500
BRD,2005-10-31,12.9,13,12.8,12.9,149000
BRD,2005-11-01,12.9,12.9,12.8,12.8,164500
BRD,2005-11-02,12.8,13,12.8,12.9,148000
BRD,2005-11-03,13.2,13.2,13,13,146500
BRD,2005-11-04,13.1,13.1,12.9,12.9,114000
BRD,2005-11-07,13,13.4,12.9,13.4,239000
BRD,2005-11-08,13.3,13.3,13.1,13.1,107000
BRD,2005-11-09,13.2,13.3,13.1,13.1,83500
BRD,2005-11-10,13.2,13.2,13.1,13.1,33000
BRD,2005-11-11,13.2,13.4,13.2,13.4,59500
BRD,2005-11-14,13.4,13.4,13.3,13.3,96000
BRD,2005-11-15,13.4,13.5,13.4,13.5,199500
BRD,2005-11-16,13.5,13.6,13.4,13.4,101000
BRD,2005-11-17,13.5,13.5,13.3,13.4,87000
BRD,2005-11-18,13.4,13.5,13.4,13.4,86000
BRD,2005-11-21,13.5,13.7,13.5,13.7,290500
BRD,2005-11-22,13.7,14.2,13.7,14,447000
BRD,2005-11-23,14.1,14.3,13.8,13.9,164000
BRD,2005-11-24,13.9,14.2,13.9,14.2,79000
BRD,2005-11-25,14.1,14.5,14.1,14.5,147500
BRD,2005-11-28,14.5,14.8,14.5,14.7,151500
BRD,2005-11-29,14.7,15,14.5,14.7,151500
BRD,2005-11-30,14.7,14.7,14.4,14.4,135500
BRD,2005-12-05,14.4,14.4,14.1,14.1,144000
BRD,2005-12-06,14,14,13.7,13.9,184500
BRD,2005-12-07,14,14.2,13.9,14.2,77500
BRD,2005-12-08,14.3,14.5,14.2,14.2,189500
BRD,2005-12-09,14.3,14.4,14.1,14.1,106500
BRD,2005-12-12,14.3,14.3,14,14,80000
BRD,2005-12-13,13.9,14,13.9,13.9,92000
BRD,2005-12-14,14.1,14.1,13.8,13.8,117000
BRD,2005-12-15,13.8,13.8,13.7,13.8,88500
BRD,2005-12-16,13.8,14,13.8,14,85500
BRD,2005-12-19,14,14.1,13.8,13.9,67500
BRD,2005-12-20,13.9,14,13.9,13.9,88000
BRD,2005-12-21,14.1,14.2,13.8,13.9,230500
BRD,2005-12-22,14,14.1,13.9,13.9,413500
BRD,2005-12-23,14,14,13.7,13.7,349500
BRD,2006-01-03,14,14.2,14,14.2,174000
BRD,2006-01-04,14.2,15,14.2,15,482000
BRD,2006-01-05,15,15.1,14.7,14.7,294000
BRD,2006-01-06,14.7,14.9,14.7,14.9,30000
BRD,2006-01-09,14.9,15.4,14.8,15.3,270000
BRD,2006-01-10,15.3,15.4,15.1,15.2,99500
BRD,2006-01-11,15.2,15.5,15.2,15.4,209000
BRD,2006-01-12,15.4,15.8,15.4,15.7,239000
BRD,2006-01-13,15.7,15.8,15.4,15.5,201500
BRD,2006-01-16,15.5,16.2,15.4,16.1,199500
BRD,2006-01-17,16.3,16.5,15.9,16.3,447000
BRD,2006-01-18,16.1,16.1,15.4,15.4,329500
BRD,2006-01-19,15.5,16,15.5,15.8,298500
BRD,2006-01-20,16,16.1,15.9,16.1,168500
BRD,2006-01-23,16,16.1,15.8,16.1,160500
BRD,2006-01-24,16,16.1,15.9,16,112500
BRD,2006-01-25,16,16.1,16,16.1,48500
BRD,2006-01-26,16.1,16.5,16,16.5,242000
BRD,2006-01-27,16.4,16.5,16.4,16.5,57500
BRD,2006-01-30,16.5,17.1,16.5,17.1,333000
BRD,2006-01-31,17.1,17.6,17.1,17.4,241000
BRD,2006-02-01,17.4,18.2,17.4,18.1,909500
BRD,2006-02-02,18.2,18.4,17.8,17.8,707000
BRD,2006-02-03,18,18.2,18,18,242000
BRD,2006-02-06,18.2,18.9,18.2,18.9,326500
BRD,2006-02-07,19.2,20,19.2,19.8,2170500
BRD,2006-02-08,19.7,19.9,19,19.2,203000
BRD,2006-02-09,19.2,19.8,18.9,19.6,181000
BRD,2006-02-10,19.5,19.9,19.4,19.7,174500
BRD,2006-02-13,19.7,19.8,19.6,19.7,86500
BRD,2006-02-14,19.7,19.7,18.6,18.7,262000
BRD,2006-02-15,18.7,19.2,18.6,19,213000
BRD,2006-02-16,19,19.5,19,19.4,149500
BRD,2006-02-17,19.4,19.4,19.1,19.2,87000
BRD,2006-02-20,19.2,19.4,19.2,19.2,72500
BRD,2006-02-21,19.2,19.2,18.7,18.8,159000
BRD,2006-02-22,18.9,19.2,18.8,18.9,175500
BRD,2006-02-23,19.1,19.1,19,19.1,62500
BRD,2006-02-24,19,19.2,19,19.1,50000
BRD,2006-02-27,19.1,19.1,18.7,19,105000
BRD,2006-02-28,18.9,19.1,18.8,19,76500
BRD,2006-03-01,19.1,19.4,19,19.1,107500
BRD,2006-03-02,19.2,19.2,18.5,18.6,310500
BRD,2006-03-03,18.5,19,18.5,19,117000
BRD,2006-03-06,18.9,19.1,18.9,18.9,49000
BRD,2006-03-07,19,19,18.5,18.6,232000
BRD,2006-03-08,18.6,18.9,18.4,18.9,140000
BRD,2006-03-09,18.8,18.8,18.1,18.2,189500
BRD,2006-03-10,18.2,18.2,17.3,17.7,582500
BRD,2006-03-13,18.1,18.1,17.7,17.7,258000
BRD,2006-03-14,17.8,17.8,17.3,17.3,112500
BRD,2006-03-15,17.4,17.5,16.9,17.4,361000
BRD,2006-03-16,17.6,18,17.6,18,156500
BRD,2006-03-17,18,18.4,17.5,17.7,199500
BRD,2006-03-20,17.5,18,17.5,17.7,189500
BRD,2006-03-21,17.7,18.2,17.7,17.9,135000
BRD,2006-03-22,17.9,18.2,17.9,18.2,131000
BRD,2006-03-23,18.1,18.3,18,18,250000
BRD,2006-03-24,18,18.2,18,18.2,281500
BRD,2006-03-27,18.2,18.4,18.1,18.4,102000
BRD,2006-03-28,18.3,18.6,17.9,18,506000
BRD,2006-03-30,18.1,18.1,17.2,17.3,389000
BRD,2006-03-31,17.5,17.6,17,17,385500
BRD,2006-04-03,17.3,17.3,17,17.1,295000
BRD,2006-04-04,17.2,17.4,16.8,16.8,264500
BRD,2006-04-05,16.8,17.1,16.7,16.7,148000
BRD,2006-04-06,16.7,16.7,16.5,16.6,107000
BRD,2006-04-07,16.8,17.1,16.7,17.1,67500
BRD,2006-04-10,17.1,17.6,17.1,17.6,102500
BRD,2006-04-11,17.5,18.1,17.5,18.1,156000
BRD,2006-04-12,18.1,18.1,17.9,17.9,68500
BRD,2006-04-13,17.9,17.9,17.5,17.5,30500
BRD,2006-04-14,17.8,17.8,17.5,17.7,28000
BRD,2006-04-17,17.8,17.8,17.6,17.6,9500
BRD,2006-04-18,17.7,17.8,17.4,17.5,120500
BRD,2006-04-19,17.5,17.6,17.3,17.3,55500
BRD,2006-04-25,17.5,17.7,17.3,17.3,158000
BRD,2006-04-26,17.6,17.7,17.3,17.4,136000
BRD,2006-04-27,17.4,17.5,17.4,17.4,30000
BRD,2006-04-28,17.5,17.5,17.2,17.2,97000
BRD,2006-05-02,17.4,17.4,17.2,17.2,64000
BRD,2006-05-03,17.3,17.4,17.2,17.3,227000
BRD,2006-05-04,17.3,17.5,17.3,17.4,152000
BRD,2006-05-05,17.1,17.3,17.1,17.3,116000
BRD,2006-05-08,17.2,17.3,17.2,17.2,150500
BRD,2006-05-09,17.2,17.2,17.1,17.1,178000
BRD,2006-05-10,17.1,17.2,17.1,17.1,17500
BRD,2006-05-11,17.1,17.2,17.1,17.1,79000
BRD,2006-05-12,17.2,17.3,17.2,17.3,25500
BRD,2006-05-15,17.3,17.3,17.1,17.2,103500
BRD,2006-05-16,17.2,17.2,17,17.1,163000
BRD,2006-05-17,17.2,17.2,17,17.2,74000
BRD,2006-05-18,17.1,17.2,17.1,17.1,144500
BRD,2006-05-19,17.1,17.2,17.1,17.2,34500
BRD,2006-05-22,17.1,17.1,16.5,16.6,157000
BRD,2006-05-23,16.4,16.4,15,15,479000
BRD,2006-05-24,15.8,15.9,15.5,15.6,248500
BRD,2006-05-25,15.6,16.1,15.6,16,145500
BRD,2006-05-26,16.1,17.1,16.1,17,144000
BRD,2006-05-29,17.1,17.1,16.7,16.8,33000
BRD,2006-05-30,16.7,16.7,16.4,16.4,117000
BRD,2006-05-31,16.5,16.5,16.1,16.5,107000
BRD,2006-06-01,16.4,16.4,16.2,16.2,25500
BRD,2006-06-02,16.3,16.6,16.2,16.6,81000
BRD,2006-06-05,16.7,16.7,16.3,16.5,38500
BRD,2006-06-06,16.4,16.5,16.3,16.4,42500
BRD,2006-06-07,16.4,16.4,16,16.2,76500
BRD,2006-06-08,16.2,16.2,15.7,15.8,188000
BRD,2006-06-09,15.8,15.9,15.7,15.8,152500
BRD,2006-06-12,15.8,15.8,15.7,15.8,160000
BRD,2006-06-13,15.7,15.8,15.4,15.7,180500
BRD,2006-06-14,15.9,15.9,15.5,15.5,36500
BRD,2006-06-15,15.6,15.6,15.3,15.5,153000
BRD,2006-06-16,15.5,15.7,15.4,15.4,43500
BRD,2006-06-19,15.4,15.6,15.2,15.2,32000
BRD,2006-06-20,15.4,15.5,15.3,15.3,86000
BRD,2006-06-21,15.2,15.2,14.9,15,402000
BRD,2006-06-22,15,15.1,14.8,14.9,49000
BRD,2006-06-23,14.9,14.9,14.8,14.9,36000
BRD,2006-06-26,14.7,14.7,14.3,14.4,108000
BRD,2006-06-27,14.2,14.4,14,14,194500
BRD,2006-06-28,14.2,14.7,14.2,14.6,147000
BRD,2006-06-29,14.8,15.4,14.8,15.2,135000
BRD,2006-06-30,15.5,16.3,15.5,16.3,232500
BRD,2006-07-03,16.3,16.9,16.1,16.9,168500
BRD,2006-07-04,16.8,17,16.7,16.8,129000
BRD,2006-07-05,16.6,16.7,16.2,16.2,51000
BRD,2006-07-06,16.2,16.6,16,16.5,63000
BRD,2006-07-07,16.6,17.2,16.6,17.2,74500
BRD,2006-07-10,17.1,17.2,16.8,16.8,105000
BRD,2006-07-11,16.8,16.9,16.7,16.7,38000
BRD,2006-07-12,16.6,16.6,16.4,16.4,136000
BRD,2006-07-13,16.6,16.7,16.1,16.1,142500
BRD,2006-07-14,16,16.1,15.8,15.8,90000
BRD,2006-07-17,15.9,16.4,15.6,16.2,58500
BRD,2006-07-18,16.3,16.9,16.2,16.9,91000
BRD,2006-07-19,16.9,16.9,16.2,16.4,104500
BRD,2006-07-20,16.5,16.6,16.2,16.4,148000
BRD,2006-07-21,16.4,16.5,16.3,16.4,71000
BRD,2006-07-24,16.4,16.5,16.3,16.4,27500
BRD,2006-07-25,16.3,16.4,16.2,16.3,132500
BRD,2006-07-26,16.3,16.4,16.2,16.2,100500
BRD,2006-07-27,16.4,16.5,16.2,16.5,293000
BRD,2006-07-28,16.5,16.9,16.5,16.7,227500
BRD,2006-07-31,16.9,17.1,16.8,17,117880
BRD,2006-08-01,17,17.4,16.9,17.3,110770
BRD,2006-08-02,17.3,17.4,17.2,17.2,137680
BRD,2006-08-03,17.2,17.6,17.2,17.5,127340
BRD,2006-08-04,17.5,17.7,17.4,17.5,84140
BRD,2006-08-07,17.5,17.7,17.4,17.6,39800
BRD,2006-08-08,17.6,17.7,17.4,17.4,95480
BRD,2006-08-09,17.4,17.5,17.3,17.4,24260
BRD,2006-08-10,17.4,17.6,17.4,17.6,65220
BRD,2006-08-11,17.5,17.5,17.3,17.3,34840
BRD,2006-08-14,17.4,17.5,17.3,17.3,24310
BRD,2006-08-15,17.3,17.3,17.1,17.2,88500
BRD,2006-08-16,17.2,17.3,17.2,17.3,25200
BRD,2006-08-17,17.2,17.5,17.2,17.5,49890
BRD,2006-08-18,17.4,17.5,17.2,17.3,34310
BRD,2006-08-21,17.3,17.3,17.2,17.3,25940
BRD,2006-08-22,17.3,17.4,17.2,17.3,28230
BRD,2006-08-23,17.2,17.3,17.1,17.1,38700
BRD,2006-08-24,17.1,17.1,16.9,16.9,38000
BRD,2006-08-25,17,17.1,17,17.1,52590
BRD,2006-08-28,17.1,17.1,17,17.1,32810
BRD,2006-08-29,17.1,17.1,17,17.1,36130
BRD,2006-08-30,17,17.2,16.9,17.1,74580
BRD,2006-08-31,17,17.2,16.9,17,49230
BRD,2006-09-01,17,17.2,17,17,28280
BRD,2006-09-04,17,17.3,17,17.2,135600
BRD,2006-09-05,17.2,17.5,17.2,17.3,176090
BRD,2006-09-08,17.3,17.3,17.2,17.3,48150
BRD,2006-09-11,17.2,17.3,17,17,28210
BRD,2006-09-12,17.1,17.1,17,17.1,33230
BRD,2006-09-13,17.1,17.3,17.1,17.2,115150
BRD,2006-09-14,17.2,17.6,17.1,17.5,271430
BRD,2006-09-15,17.5,19.5,17.5,19.5,793540
BRD,2006-09-18,18.5,18.7,18.1,18.2,245440
BRD,2006-09-19,18.2,18.6,18.2,18.6,78040
BRD,2006-09-20,18.5,18.8,18.5,18.7,63010
BRD,2006-09-21,18.4,18.6,18.4,18.4,91320
BRD,2006-09-22,18.5,18.5,18,18.1,138890
BRD,2006-09-25,18.1,18.5,18,18.3,157500
BRD,2006-09-26,18.5,18.5,18.3,18.3,38170
BRD,2006-09-27,18.3,18.3,18.1,18.2,157790
BRD,2006-09-28,18.1,18.3,18.1,18.1,173660
BRD,2006-09-29,18.2,18.2,18.1,18.1,212700
BRD,2006-10-02,18,18.4,18,18.4,64830
BRD,2006-10-03,18.4,19.1,18.4,19,300940
BRD,2006-10-04,18.9,19.2,18.8,19.1,209800
BRD,2006-10-05,19.2,19.2,18.9,19,86310
BRD,2006-10-06,19,19,18.7,18.8,63420
BRD,2006-10-09,18.8,18.9,18.6,18.8,129110
BRD,2006-10-10,18.8,19,18.6,18.6,62440
BRD,2006-10-11,18.6,18.9,18.5,18.7,141550
BRD,2006-10-12,18.6,19,18.6,18.9,75390
BRD,2006-10-13,19,19.1,18.9,18.9,38880
BRD,2006-10-16,19.1,19.1,18.9,19,36950
BRD,2006-10-17,19,19.3,19,19.2,61680
BRD,2006-10-18,19.2,19.3,19,19.3,59580
BRD,2006-10-19,19.2,19.2,18.9,19.2,41020
BRD,2006-10-20,19.1,19.2,19.1,19.1,18510
BRD,2006-10-23,19.1,19.3,18.9,19.2,125930
BRD,2006-10-24,19.2,19.2,19.1,19.1,25780
BRD,2006-10-25,19,19.3,19,19.2,88280
BRD,2006-10-26,19.2,19.4,19.1,19.3,81060
BRD,2006-10-27,19.3,19.3,18.7,18.9,225680
BRD,2006-10-30,18.9,19.3,18.8,19.2,181060
BRD,2006-10-31,19.2,19.5,19.1,19.4,287760
BRD,2006-11-01,19.4,19.6,19.2,19.4,176820
BRD,2006-11-02,19.4,19.5,19.2,19.5,130430
BRD,2006-11-03,19.5,19.5,19.1,19.4,79210
BRD,2006-11-06,19.3,19.4,19.1,19.3,40940
BRD,2006-11-07,19.3,19.4,19,19,54780
BRD,2006-11-08,19,19,18.6,18.7,114750
BRD,2006-11-09,18.7,19.1,18.7,19.1,76480
BRD,2006-11-10,19,19.3,18.9,19.3,99790
BRD,2006-11-13,19.2,19.3,18.9,19,67660
BRD,2006-11-14,19.1,19.3,18.9,19.3,416150
BRD,2006-11-15,18.9,19.2,18.9,19,70330
BRD,2006-11-16,18.9,19,18.6,18.7,84050
BRD,2006-11-17,18.9,19.4,18.5,19.4,208350
BRD,2006-11-20,19.1,19.3,18.9,19.1,335790
BRD,2006-11-21,19.1,19.1,18.9,19,37960
BRD,2006-11-22,19,19,18.7,18.8,29620
BRD,2006-11-23,18.8,19,18.8,19,27650
BRD,2006-11-24,18.8,18.8,18.7,18.8,24520
BRD,2006-11-27,18.9,19.4,18.7,19.1,147140
BRD,2006-11-28,19.1,19.2,18.9,18.9,20390
BRD,2006-11-29,18.9,19,18.8,18.8,23190
BRD,2006-11-30,18.9,19,18.8,19,29860
BRD,2006-12-04,18.9,19,18.7,18.7,77860
BRD,2006-12-05,18.7,18.9,18.6,18.7,53080
BRD,2006-12-06,18.6,18.7,18.6,18.6,166710
BRD,2006-12-07,18.7,19,18.6,18.7,153730
BRD,2006-12-08,18.7,18.9,18.6,18.6,117030
BRD,2006-12-11,18.6,18.8,18.5,18.5,63920
BRD,2006-12-12,18.5,18.6,18.1,18.1,101410
BRD,2006-12-13,18.1,18.3,18,18.2,125760
BRD,2006-12-14,18.2,18.6,18.2,18.5,56280
BRD,2006-12-15,18.6,18.8,17.9,17.9,210310
BRD,2006-12-18,18.2,18.4,17.8,18.1,138310
BRD,2006-12-19,18.1,18.5,18.1,18.5,182020
BRD,2007-01-03,18.6,20,18.6,19.8,332950
BRD,2007-01-04,19.8,20,19.5,20,399870
BRD,2007-01-05,19.9,20.8,19.9,20.7,272700
BRD,2007-01-08,20.2,20.7,20.2,20.5,133930
BRD,2007-01-09,20.3,20.6,20.3,20.6,241510
BRD,2007-01-10,20.6,20.6,19.7,19.7,133810
BRD,2007-01-11,19.8,20.1,19.7,20,157280
BRD,2007-01-12,20.1,20.3,20,20.3,123570
BRD,2007-01-15,20.1,20.4,20.1,20.4,58970
BRD,2007-01-16,20.2,20.2,19.8,20.1,174090
BRD,2007-01-17,20.1,20.3,20,20.3,98420
BRD,2007-01-18,20.2,20.2,19.8,20,61510
BRD,2007-01-19,19.9,20.4,19.8,20.4,153820
BRD,2007-01-22,20.2,20.6,20.2,20.6,191150
BRD,2007-01-23,20.5,20.9,20.5,20.7,90720
BRD,2007-01-24,20.1,20.8,20.1,20.8,100360
BRD,2007-01-25,20.7,20.8,20.5,20.5,27900
BRD,2007-01-26,20.4,20.5,20.3,20.4,69310
BRD,2007-01-29,20.3,20.8,20.3,20.8,235730
BRD,2007-01-30,20.5,21.3,20.5,21.3,393970
BRD,2007-01-31,21.3,21.5,21.1,21.5,169080
BRD,2007-02-01,21.3,21.6,21.3,21.6,158110
BRD,2007-02-02,21.6,22.1,21.5,22.1,349720
BRD,2007-02-05,21.8,22,21.6,21.6,70830
BRD,2007-02-06,21.6,21.6,21,21.4,171320
BRD,2007-02-07,20.9,21.5,20.9,21.3,125730
BRD,2007-02-08,21.3,21.5,21.3,21.4,209520
BRD,2007-02-09,21.4,21.5,20.9,21.3,118080
BRD,2007-02-12,21.1,21.3,21,21.2,153370
BRD,2007-02-13,21.1,21.1,20.6,20.6,224410
BRD,2007-02-14,20.4,21.5,20.3,21.4,261120
BRD,2007-02-15,21.3,21.7,21.3,21.6,69470
BRD,2007-02-16,21,21.8,21,21.7,50230
BRD,2007-02-19,21.2,22.1,21,22,237120
BRD,2007-02-20,22.5,22.8,21.9,22.2,167650
BRD,2007-02-21,22,22.6,21.9,22.5,118980
BRD,2007-02-22,22.3,22.7,22.3,22.6,70140
BRD,2007-02-23,22.7,22.8,22.4,22.8,114630
BRD,2007-02-26,22.7,23,22.4,22.9,108040
BRD,2007-02-27,22.9,23.6,22.9,23.5,300500
BRD,2007-02-28,22.6,22.7,22.2,22.2,309490
BRD,2007-03-01,22.4,22.6,22.1,22.3,88250
BRD,2007-03-02,22.2,22.2,21,21.1,141270
BRD,2007-03-05,21,21,19.8,20,453690
BRD,2007-03-06,20.3,20.7,20,20.5,182440
BRD,2007-03-07,21,21.3,20.8,21.2,146920
BRD,2007-03-08,21.3,21.7,21.2,21.3,116340
BRD,2007-03-09,21.3,21.9,21.3,21.9,78290
BRD,2007-03-12,21.8,22.1,21.5,22,77470
BRD,2007-03-13,22,22,21.8,21.9,83410
BRD,2007-03-14,20.9,21.1,20,20,969670
BRD,2007-03-15,20.6,21,20.5,21,338440
BRD,2007-03-16,20.9,21,20.5,21,455770
BRD,2007-03-19,20.8,21,20.6,20.9,60530
BRD,2007-03-20,20.9,21.2,20.8,21.2,129700
BRD,2007-03-21,21.2,21.2,21,21.2,62940
BRD,2007-03-22,21.2,21.7,21.2,21.6,175440
BRD,2007-03-23,21.5,22.1,21.5,22.1,276490
BRD,2007-03-26,22,22,21.6,21.8,122020
BRD,2007-03-27,21.7,21.8,21.5,21.7,272870
BRD,2007-03-28,21.4,21.7,21.2,21.3,160570
BRD,2007-03-29,21.3,21.3,21.1,21.2,218540
BRD,2007-03-30,21.2,21.3,21,21.1,144340
BRD,2007-04-02,21,21.1,20.8,21,134360
BRD,2007-04-03,21,21.2,21,21.1,13340
BRD,2007-04-04,21.2,21.5,21,21.1,100010
BRD,2007-04-05,21.3,21.5,21.2,21.4,36220
BRD,2007-04-06,21.3,21.4,21.3,21.4,6170
BRD,2007-04-10,21.3,21.5,21.3,21.4,158990
BRD,2007-04-11,21.5,21.6,21.4,21.4,28340
BRD,2007-04-12,21.4,21.6,21,21.2,84270
BRD,2007-04-13,21,21.4,21,21.2,153620
BRD,2007-04-16,21.2,22.4,21.1,22.3,382270
BRD,2007-04-17,22.3,22.7,22.3,22.5,213580
BRD,2007-04-23,22.6,23.4,22.6,23.3,253810
BRD,2007-04-24,23.4,23.6,22.7,23.1,226140
BRD,2007-04-25,22.8,23.1,22.8,23.1,51100
BRD,2007-04-26,23,23,22.7,23,69230
BRD,2007-04-27,23,23.2,22.9,23.1,222280
BRD,2007-05-02,22.8,23,22.4,22.6,89510
BRD,2007-05-03,22.5,23,22.5,23,76420
BRD,2007-05-04,22.7,23.4,22.7,23.4,78410
BRD,2007-05-07,23.3,23.7,23,23.5,132670
BRD,2007-05-08,23.1,23.5,23.1,23.4,54640
BRD,2007-05-09,23,23.3,23,23.2,44920
BRD,2007-05-10,23.2,23.3,23,23.3,39240
BRD,2007-05-11,23.2,23.2,22.8,23.1,57470
BRD,2007-05-14,23.1,23.7,23.1,23.6,135990
BRD,2007-05-15,23.1,24.4,23.1,24.3,244170
BRD,2007-05-16,24.2,24.4,24,24.3,29870
BRD,2007-05-17,24,24.2,24,24,63660
BRD,2007-05-18,23.9,24.1,23.8,24,31800
BRD,2007-05-21,24,24,23.9,24,56580
BRD,2007-05-22,24,24.1,23.9,24.1,39730
BRD,2007-05-23,24.1,24.1,23.8,24.1,24680
BRD,2007-05-24,23.7,24.2,23.7,24.2,72160
BRD,2007-05-25,23.9,24.2,23.8,24.2,41640
BRD,2007-05-28,24.2,24.2,24,24.2,16190
BRD,2007-05-29,24,24.3,24,24,76360
BRD,2007-05-30,24,24,23.7,24,73120
BRD,2007-05-31,23.8,24.7,23.8,24.7,127560
BRD,2007-06-01,24.7,24.7,24.5,24.6,62400
BRD,2007-06-04,24.5,24.7,24.4,24.4,219700
BRD,2007-06-05,24.5,24.8,24.5,24.7,17650
BRD,2007-06-06,24.4,24.7,24,24.2,20020
BRD,2007-06-07,24.5,24.5,24,24.1,25440
BRD,2007-06-08,23.9,24,23.6,23.6,43240
BRD,2007-06-11,23.9,23.9,23.4,23.6,37640
BRD,2007-06-12,23.6,23.7,23.2,23.2,74830
BRD,2007-06-13,23.3,23.4,22.6,22.9,76100
BRD,2007-06-14,23,23.4,22.9,23.3,87670
BRD,2007-06-15,23.4,26.1,23.3,26.1,780970
BRD,2007-06-18,25,25.6,24.8,25.2,86540
BRD,2007-06-19,25.1,25.1,25,25.1,37890
BRD,2007-06-20,25.2,25.3,25,25.3,22540
BRD,2007-06-22,25.4,25.7,25.1,25.7,17170
BRD,2007-06-25,25.7,26,25.5,26,25220
BRD,2007-06-26,25.9,27.4,25.9,26.9,166940
BRD,2007-06-27,26.9,27.5,26.9,27.5,66090
BRD,2007-06-28,27.9,28.1,27.6,27.7,114830
BRD,2007-06-29,27.7,28,27.6,27.9,39770
BRD,2007-07-02,27.3,27.9,27.3,27.4,31980
BRD,2007-07-03,27.3,27.6,27,27.3,91100
BRD,2007-07-04,27.3,28,26.7,27.9,114900
BRD,2007-07-05,27.9,28,27.6,28,102410
BRD,2007-07-06,28,28,27.6,27.6,27600
BRD,2007-07-09,27.6,27.6,27,27.1,146580
BRD,2007-07-10,27.3,27.6,27.3,27.3,12940
BRD,2007-07-11,27.4,27.7,26.8,26.9,136300
BRD,2007-07-12,26.9,27.3,26.6,26.6,132600
BRD,2007-07-13,26.9,27.5,26.3,26.6,303730
BRD,2007-07-16,26.9,27.3,26.6,26.9,68250
BRD,2007-07-17,27,27.3,26.8,27,58950
BRD,2007-07-18,26.6,27.4,26.6,27,107680
BRD,2007-07-19,26.9,27.5,26.9,27.4,99860
BRD,2007-07-20,27.5,27.9,27.4,27.6,91720
BRD,2007-07-23,27.5,28,27.3,28,109310
BRD,2007-07-24,28,28.1,27.7,27.9,149910
BRD,2007-07-25,27.5,28,27.5,27.8,107690
BRD,2007-07-26,27.7,27.8,27.4,27.4,124900
BRD,2007-07-27,27,27.1,26.5,27.1,169300
BRD,2007-07-30,26.9,27.3,26.4,26.4,63000
BRD,2007-07-31,26.4,27.4,26.4,27.4,97390
BRD,2007-08-01,26.9,27,26.7,26.8,251830
BRD,2007-08-02,27,27.3,26.9,27,136600
BRD,2007-08-03,27.2,27.5,27,27.5,57610
BRD,2007-08-06,27,27.4,26.9,27.4,33660
BRD,2007-08-07,28,28.3,27.9,28,268230
BRD,2007-08-08,28.2,30.1,28,29.7,547340
BRD,2007-08-09,29.6,29.6,28.6,28.7,63710
BRD,2007-08-10,28.5,29.2,28.3,29.1,196310
BRD,2007-08-13,29.2,29.2,28.6,28.6,876550
BRD,2007-08-14,28.6,28.9,28.6,28.9,53400
BRD,2007-08-15,28.7,28.7,28.1,28.2,855090
BRD,2007-08-16,28.2,28.2,26.8,26.9,161770
BRD,2007-08-17,26.5,27.2,26.3,26.4,653870
BRD,2007-08-20,27.4,27.8,27,27.2,82440
BRD,2007-08-21,27.3,27.5,27.2,27.2,206300
BRD,2007-08-22,27.2,28.4,27.1,28.4,63170
BRD,2007-08-23,28.6,28.8,28.4,28.7,77100
BRD,2007-08-24,28.6,28.6,28.3,28.5,61170
BRD,2007-08-27,28.5,28.5,28.3,28.3,17260
BRD,2007-08-28,28.4,28.6,28.3,28.4,81530
BRD,2007-08-29,28,28.2,28,28.2,41120
BRD,2007-08-30,28.2,29,28.2,29,30900
BRD,2007-08-31,29,29,28.3,28.9,27880
BRD,2007-09-03,28.8,28.8,28.2,28.3,78670
BRD,2007-09-04,28.4,28.5,27.8,28.5,79890
BRD,2007-09-05,28.5,28.5,28,28.1,31050
BRD,2007-09-06,28,28.2,27.9,28.1,23180
BRD,2007-09-07,28,28.2,27.9,28,134910
BRD,2007-09-10,27.8,27.9,27.5,27.6,29590
BRD,2007-09-11,27.6,27.7,27.2,27.3,46180
BRD,2007-09-12,27.5,27.7,27.5,27.5,61350
BRD,2007-09-13,27.5,27.8,27.5,27.7,46190
BRD,2007-09-14,27.9,27.9,27.5,27.5,18660
BRD,2007-09-17,27.6,27.7,27.2,27.2,72610
BRD,2007-09-18,27.3,27.3,26.9,27.1,51680
BRD,2007-09-19,27.6,28,27.5,27.5,228870
BRD,2007-09-20,27.6,28,27.4,27.6,364920
BRD,2007-09-21,27.8,27.8,26.7,26.7,183680
BRD,2007-09-24,27.3,27.3,26.6,26.7,84380
BRD,2007-09-25,26.7,26.7,25.8,25.9,167610
BRD,2007-09-26,25.9,26.4,25.6,25.9,341330
BRD,2007-09-27,26.1,26.4,25.4,25.5,335730
BRD,2007-09-28,25.8,26.3,25.5,26.3,48500
BRD,2007-10-01,26.2,26.5,26.1,26.2,57370
BRD,2007-10-02,26.5,26.7,26.3,26.5,535160
BRD,2007-10-03,26.7,26.8,26.5,26.6,272400
BRD,2007-10-04,26.9,26.9,26.6,26.7,163540
BRD,2007-10-05,26.7,26.9,26.6,26.7,120530
BRD,2007-10-08,26.7,27.5,26.7,27,301380
BRD,2007-10-09,27,27,26.6,26.7,318910
BRD,2007-10-10,26.8,27,26.3,26.4,156090
BRD,2007-10-11,26.5,26.6,25.7,25.8,400140
BRD,2007-10-12,26.1,26.1,25.4,25.7,341710
BRD,2007-10-15,25.8,26.3,25.8,26.3,112030
BRD,2007-10-16,26.2,26.2,26,26,33990
BRD,2007-10-17,26.2,26.5,26.2,26.5,151520
BRD,2007-10-18,26.6,26.8,26.5,26.5,89640
BRD,2007-10-19,26.7,26.7,25.6,25.7,269550
BRD,2007-10-22,25.5,25.7,25.2,25.4,130680
BRD,2007-10-23,25.5,26.9,25.5,26.8,448110
BRD,2007-10-24,26.6,26.9,26.2,26.2,40740
BRD,2007-10-25,26.2,26.4,26,26.1,26350
BRD,2007-10-26,26.2,26.5,26,26.4,37040
BRD,2007-10-29,26.4,26.6,26.3,26.3,66970
BRD,2007-10-30,26.6,26.6,26,26.3,104550
BRD,2007-10-31,26.3,26.6,26.1,26.1,201070
BRD,2007-11-01,26.1,26.3,26,26.2,79970
BRD,2007-11-02,26,26.5,25.8,26.1,69080
BRD,2007-11-05,26.1,26.2,25.9,26,74770
BRD,2007-11-06,25.8,25.8,24.5,25.3,930430
BRD,2007-11-07,25.4,25.8,25.2,25.5,104410
BRD,2007-11-08,25.1,25.5,24.9,24.9,195160
BRD,2007-11-09,25.3,25.3,24.5,24.6,158790
BRD,2007-11-12,24.5,24.8,23.1,23.5,302140
BRD,2007-11-13,24.1,24.3,23.9,24,201150
BRD,2007-11-14,24.5,24.8,24.2,24.3,198650
BRD,2007-11-15,24.6,24.6,24,24.2,50470
BRD,2007-11-16,24.2,24.3,23.4,23.6,623410
BRD,2007-11-19,23.8,24,23.6,23.7,38510
BRD,2007-11-20,23.7,23.8,22.9,23.4,253240
BRD,2007-11-21,23.7,23.7,22.5,22.9,89880
BRD,2007-11-22,22.6,22.8,22,22.2,430100
BRD,2007-11-23,22.4,23,22.4,23,82810
BRD,2007-11-26,23.8,24,23.6,23.8,217780
BRD,2007-11-27,23.7,23.9,23.5,23.6,129080
BRD,2007-11-28,23.9,23.9,23,23.1,124200
BRD,2007-11-29,24,24,23,23,151600
BRD,2007-11-30,23.3,23.8,23.3,23.8,178720
BRD,2007-12-03,24,24.3,23.9,24,143560
BRD,2007-12-04,24.2,24.5,23.9,24.1,132790
BRD,2007-12-05,24.2,24.8,24.1,24.6,193860
BRD,2007-12-06,24.8,25.9,24.8,25.3,162580
BRD,2007-12-07,25.5,25.9,25.3,25.7,117570
BRD,2007-12-10,25.8,25.8,25.2,25.7,234420
BRD,2007-12-11,25.6,26.1,25.4,25.6,289780
BRD,2007-12-12,25.5,25.7,25.1,25.6,129670
BRD,2007-12-13,25.7,25.7,25.3,25.3,111040
BRD,2007-12-14,25.8,25.9,25.5,25.8,123320
BRD,2007-12-17,25.8,25.8,25.5,25.5,134160
BRD,2007-12-18,25.6,26.3,25.6,26.1,144270
BRD,2007-12-19,26.4,26.6,26,26.3,144520
BRD,2007-12-20,26.4,26.6,26,26.4,241210
BRD,2007-12-21,26.6,28,26.5,28,554490
BRD,2008-01-03,27.5,27.6,26.7,26.7,108140
BRD,2008-01-04,26.7,27,26.5,26.9,135310
BRD,2008-01-07,26.3,26.5,25.9,26,127080
BRD,2008-01-08,25.9,26.3,25.5,25.5,37070
BRD,2008-01-09,25.3,25.3,24.3,24.9,152270
BRD,2008-01-10,25,25.2,24.1,24.4,269300
BRD,2008-01-11,24.4,24.9,23,23,261950
BRD,2008-01-14,23.1,23.6,22.5,22.6,168880
BRD,2008-01-15,23.2,23.6,22.2,23.1,149200
BRD,2008-01-16,22.4,22.4,21.5,21.7,312450
BRD,2008-01-17,22.4,22.8,22.3,22.5,266600
BRD,2008-01-18,22.2,23,21.9,22.6,307600
BRD,2008-01-21,22.4,22.6,20.9,21,286300
BRD,2008-01-22,20,20.6,18.8,20,632200
BRD,2008-01-23,21.3,21.3,19.6,19.7,356270
BRD,2008-01-24,19.5,20.2,18.9,20,434330
BRD,2008-01-25,20.7,21.2,20.5,20.6,494610
BRD,2008-01-28,20,20.3,19.5,19.6,170200
BRD,2008-01-29,20,20.3,19.7,19.7,114380
BRD,2008-01-30,20.1,20.1,19.8,19.9,183970
BRD,2008-01-31,20.1,20.2,18.9,19.2,213620
BRD,2008-02-01,19.6,19.8,19,19.4,230730
BRD,2008-02-04,19.7,19.7,19.4,19.6,29500
BRD,2008-02-05,19.4,19.5,18.9,18.9,167450
BRD,2008-02-06,18.5,18.7,18,18.7,261340
BRD,2008-02-07,18.6,19.1,18.3,18.4,183440
BRD,2008-02-08,18.7,18.7,18.1,18.2,72780
BRD,2008-02-11,18.3,18.3,17.8,17.8,166980
BRD,2008-02-12,17.9,18,17.7,17.7,52210
BRD,2008-02-13,18.3,18.4,17.6,17.7,116150
BRD,2008-02-14,18.1,18.4,17.9,18.2,134950
BRD,2008-02-15,18,18,17.5,17.6,162860
BRD,2008-02-18,17.7,18,17.5,17.5,74820
BRD,2008-02-19,17.7,17.8,17.3,17.8,60830
BRD,2008-02-20,18,18.4,17.8,18,151910
BRD,2008-02-21,18.6,19.1,18.2,19,194040
BRD,2008-02-22,19,19.3,18.9,19.1,186500
BRD,2008-02-25,19.3,20.6,19.3,20.4,268900
BRD,2008-02-26,21,21.9,20.6,21.4,236910
BRD,2008-02-27,21.8,21.8,20.7,21.2,93300
BRD,2008-02-28,21.1,21.4,21,21,91980
BRD,2008-02-29,21,21,20.1,20.1,178130
BRD,2008-03-03,19.5,20.1,19.3,19.9,134240
BRD,2008-03-04,20.1,20.6,20.1,20.4,80870
BRD,2008-03-05,20.5,20.7,20.4,20.5,42310
BRD,2008-03-06,20.7,20.9,20.6,20.8,32590
BRD,2008-03-07,20.4,20.5,19.8,20.1,100170
BRD,2008-03-10,19.9,20.5,19.9,20.1,41370
BRD,2008-03-11,20.3,20.3,19.8,19.9,62210
BRD,2008-03-12,20.9,20.9,20.5,20.6,137360
BRD,2008-03-13,20.5,20.6,20.1,20.6,81300
BRD,2008-03-14,20.7,21.5,20.7,21,169460
BRD,2008-03-17,20.5,20.5,19.7,19.9,207200
BRD,2008-03-18,20.2,20.4,19.8,20,157740
BRD,2008-03-19,20.6,20.7,19.5,20,267050
BRD,2008-03-20,19.8,19.8,18.1,18.1,316870
BRD,2008-03-21,19.1,19.2,18.5,18.9,78250
BRD,2008-03-24,18.9,19.2,18.5,19.2,54680
BRD,2008-03-25,19.4,19.7,19.2,19.6,99620
BRD,2008-03-26,19.6,19.6,19.1,19.2,115330
BRD,2008-03-27,19.2,20.1,19.1,20,184280
BRD,2008-03-28,19.9,20.3,19.9,20.3,344080
BRD,2008-03-31,20.2,20.3,19.6,20.1,54220
BRD,2008-04-01,20.1,20.5,20,20.4,89230
BRD,2008-04-02,20.7,20.9,20.5,20.8,331990
BRD,2008-04-03,20.8,21.1,20.7,21.1,107360
BRD,2008-04-04,21.1,21.8,21.1,21.7,179090
BRD,2008-04-07,21.8,22.5,21.8,22.4,328310
BRD,2008-04-08,22.3,22.5,21.9,22.1,286480
BRD,2008-04-09,22,22,21.5,21.6,93820
BRD,2008-04-10,21.4,21.6,21.1,21.1,70940
BRD,2008-04-11,21.4,21.6,20.5,20.5,88000
BRD,2008-04-14,20.3,20.5,19.5,19.5,164270
BRD,2008-04-15,19.8,20.2,19.7,20,30440
BRD,2008-04-16,20.3,21,20.2,20.9,76790
BRD,2008-04-17,21.1,21.4,20.7,20.8,47840
BRD,2008-04-18,20.7,21.1,20.7,20.9,44760
BRD,2008-04-21,21.3,21.6,21,21.1,70910
BRD,2008-04-25,21.4,21.5,20.9,21,165930
BRD,2008-04-29,21.1,21.5,21,21,31880
BRD,2008-04-30,21.4,21.4,21.2,21.3,34330
BRD,2008-05-05,21.8,21.8,21.4,21.6,111090
BRD,2008-05-06,21.5,21.8,21.3,21.8,116020
BRD,2008-05-07,21.6,21.7,21.3,21.5,72170
BRD,2008-05-08,21.4,21.4,21,21.3,83650
BRD,2008-05-09,21.2,21.3,20.9,21.2,118620
BRD,2008-05-12,21,21.1,20.6,20.7,89560
BRD,2008-05-13,20.9,21.4,20.9,21.4,145810
BRD,2008-05-14,21.3,22.3,21.1,22.1,142710
BRD,2008-05-15,22.3,22.8,22.2,22.8,460570
BRD,2008-05-16,22.7,23.1,22.5,22.9,216450
BRD,2008-05-19,22.9,23.1,22.4,22.8,95710
BRD,2008-05-20,22.8,22.8,22.2,22.6,111180
BRD,2008-05-21,22.1,22.5,22.1,22.2,47620
BRD,2008-05-22,22.2,22.2,21.8,21.9,72600
BRD,2008-05-23,22,22.2,22,22.1,27800
BRD,2008-05-26,21.9,22.4,21.8,22.3,78760
BRD,2008-05-27,22.3,22.7,22.2,22.6,106290
BRD,2008-05-28,22.7,22.9,22.4,22.9,168850
BRD,2008-05-29,22.8,23.4,22.8,23.2,272040
BRD,2008-05-30,23.2,23.4,23,23.1,345940
BRD,2008-06-02,22.9,23.2,22.6,23.2,261310
BRD,2008-06-03,23,23.1,22.9,23.1,399070
BRD,2008-06-04,23.1,23.2,22.7,22.8,101510
BRD,2008-06-05,22.9,22.9,22.6,22.7,98240
BRD,2008-06-06,22.9,23.2,22.7,23.1,109130
BRD,2008-06-09,22.6,22.9,22.5,22.9,100450
BRD,2008-06-10,22.6,22.7,22,22,161190
BRD,2008-06-11,22.1,22.5,22,22.2,69970
BRD,2008-06-12,22,22.3,21.8,21.9,106670
BRD,2008-06-13,22,22.3,21.7,21.8,50820
BRD,2008-06-16,21.8,22.2,21.6,21.6,84990
BRD,2008-06-17,21.7,21.9,21.6,21.7,163670
BRD,2008-06-18,21.9,21.9,21,21,88540
BRD,2008-06-19,21,21,20.6,20.6,135900
BRD,2008-06-20,20.8,20.9,20,20,160150
BRD,2008-06-23,20.1,20.5,19.4,19.8,306230
BRD,2008-06-24,19.9,20,19.4,19.4,220080
BRD,2008-06-25,19.5,19.8,19.2,19.2,154590
BRD,2008-06-26,19.4,19.6,18.9,18.9,118870
BRD,2008-06-27,18.8,19.9,18.5,19.9,93960
BRD,2008-06-30,19.9,20.3,19.3,19.3,61870
BRD,2008-07-01,19.4,19.4,18.8,19,74330
BRD,2008-07-02,19,19.4,18.9,18.9,46650
BRD,2008-07-04,18.9,19,18.4,19,222950
BRD,2008-07-07,19,19.2,18.2,18.4,111010
BRD,2008-07-08,18.6,19.1,18.3,19,152950
BRD,2008-07-09,19.2,19.6,19.2,19.6,81270
BRD,2008-07-10,19.4,19.4,19,19,94240
BRD,2008-07-11,19.3,19.3,18.6,18.7,48320
BRD,2008-07-14,18.6,19,18.6,18.7,22890
BRD,2008-07-15,18.7,18.7,17.7,18,136380
BRD,2008-07-16,18.1,18.1,17,17.3,151400
BRD,2008-07-17,18.2,18.4,17.8,18,132620
BRD,2008-07-18,18.2,18.5,17.9,18.5,88850
BRD,2008-07-21,18.6,18.8,18.4,18.7,44040
BRD,2008-07-22,18.5,18.5,17.9,18.1,228740
BRD,2008-07-23,18.5,18.9,18.5,18.9,123630
BRD,2008-07-24,18.9,19.3,18.8,19,90030
BRD,2008-07-25,18.8,18.9,18.5,18.6,38700
BRD,2008-07-28,18.6,18.6,18,18.4,69850
BRD,2008-07-29,18.1,19.2,18,18.3,60680
BRD,2008-07-30,18.8,18.9,18.4,18.9,216820
BRD,2008-07-31,19,19.1,18.4,18.7,138110
BRD,2008-08-01,18.7,19.1,18.6,19,25250
BRD,2008-08-04,18.8,19.1,18.7,18.8,18480
BRD,2008-08-05,18.9,19.4,18.9,19.3,69120
BRD,2008-08-06,19.6,19.6,19.1,19.2,90380
BRD,2008-08-07,19.2,20,19.2,20,227350
BRD,2008-08-08,19.9,20,19.8,19.9,123160
BRD,2008-08-11,19.9,19.9,19.5,19.6,99830
BRD,2008-08-12,19.5,19.6,19.1,19.1,38500
BRD,2008-08-13,19,19.1,18.6,18.6,49570
BRD,2008-08-14,18.7,18.7,17.9,17.9,177810
BRD,2008-08-15,18.4,18.4,17.9,18,145580
BRD,2008-08-18,18,18,17.7,17.9,150690
BRD,2008-08-19,17.8,17.8,17.4,17.5,130380
BRD,2008-08-20,17.5,17.5,16.7,17,233620
BRD,2008-08-21,17,17,16,16.9,251340
BRD,2008-08-22,17.1,17.1,16.8,16.9,125090
BRD,2008-08-25,17.1,17.3,16.5,16.8,32770
BRD,2008-08-26,16.9,16.9,16.1,16.4,148520
BRD,2008-08-27,16.4,16.8,16.2,16.3,50270
BRD,2008-08-28,16.5,17,16.4,16.9,821630
BRD,2008-08-29,17.2,17.2,16.7,16.7,120790
BRD,2008-09-01,16.7,17,16.3,16.8,47560
BRD,2008-09-02,16.8,17.8,16.8,17.5,180200
BRD,2008-09-03,17.4,17.7,16.9,17.1,68140
BRD,2008-09-04,17,17.1,16.7,16.7,39550
BRD,2008-09-05,16.4,16.5,15.8,16,387290
BRD,2008-09-08,16.7,17,16.6,16.7,130700
BRD,2008-09-09,16.9,17.3,16.7,16.7,114410
BRD,2008-09-10,16.6,16.7,16.1,16.2,45260
BRD,2008-09-11,16.2,16.3,15.8,16,78640
BRD,2008-09-12,16.1,16.1,15.8,15.8,58650
BRD,2008-09-15,15.5,15.5,15.1,15.1,167190
BRD,2008-09-16,14.5,14.6,13,13.1,649150
BRD,2008-09-17,13.9,13.9,12,12.6,327880
BRD,2008-09-18,11.4,12.2,11.4,11.9,344600
BRD,2008-09-19,13,13.6,12.6,13.4,489160
BRD,2008-09-22,14.1,14.2,13.6,14.1,302400
BRD,2008-09-23,13.6,13.8,13.4,13.5,168900
BRD,2008-09-24,13.7,14.1,13.4,13.5,119280
BRD,2008-09-25,13.6,13.6,13.2,13.2,123200
BRD,2008-09-26,13.4,13.6,12.5,12.5,270480
BRD,2008-09-29,12.6,12.8,11.7,11.9,302340
BRD,2008-09-30,10.9,11.5,10.7,11.3,464830
BRD,2008-10-01,11.8,11.9,11.2,11.2,201300
BRD,2008-10-02,11.4,11.8,11.4,11.4,123530
BRD,2008-10-03,11.2,11.7,11.2,11.4,211880
BRD,2008-10-06,11.2,11.2,10.1,10.4,238280
BRD,2008-10-08,8.4,8.8,8.15,8.15,155570
BRD,2008-10-09,8.35,8.6,7.55,8.3,591430
BRD,2008-10-10,7.4,7.4,7.4,7.4,272120
BRD,2008-10-13,8.3,8.5,7.6,8.5,300460
BRD,2008-10-14,9.6,9.75,9.35,9.75,290280
BRD,2008-10-15,9.95,9.95,8.9,9.2,609920
BRD,2008-10-16,8,10,7.95,9.75,757830
BRD,2008-10-17,10,10.2,9.4,9.45,535170
BRD,2008-10-20,9.45,9.8,8.95,9,89170
BRD,2008-10-21,9.6,9.6,8.6,8.65,255010
BRD,2008-10-22,8.5,8.7,8.15,8.5,188660
BRD,2008-10-24,8,8,7.25,7.4,1005250
BRD,2008-10-27,7,7,6.35,6.55,581330
BRD,2008-10-28,6.9,7.25,6.4,6.9,531770
BRD,2008-10-29,7.7,7.7,7.15,7.15,438400
BRD,2008-10-31,7.45,7.45,7.1,7.4,101680
BRD,2008-11-03,7.55,7.8,7.3,7.45,133340
BRD,2008-11-04,7.5,8.3,7.5,8.05,301200
BRD,2008-11-05,8.3,8.5,7.85,7.9,365000
BRD,2008-11-07,8.2,8.8,8.2,8.65,318300
BRD,2008-11-10,8.85,9.65,8.85,9.45,330200
BRD,2008-11-11,9,9.5,8.85,8.9,161280
BRD,2008-11-12,8.9,9,8.7,8.7,135430
BRD,2008-11-13,8.1,8.6,8.1,8.3,42470
BRD,2008-11-14,8.8,8.85,8.35,8.35,218820
BRD,2008-11-17,8.35,8.45,8.1,8.1,77870
BRD,2008-11-18,8.1,8.3,7.8,8.2,110690
BRD,2008-11-19,8.15,8.25,8,8,35920
BRD,2008-11-20,7.7,7.95,7.7,7.8,123970
BRD,2008-11-21,7.9,8.15,7.85,7.85,354700
BRD,2008-11-25,8.25,8.3,8,8.25,122110
BRD,2008-11-28,8.2,8.25,8.05,8.2,28440
BRD,2008-12-02,8,8.1,7.8,8.05,182490
BRD,2008-12-03,8.1,8.15,8,8.05,66870
BRD,2008-12-04,8.15,8.2,8,8,12190
BRD,2008-12-05,8.1,8.1,7.95,8,197690
BRD,2008-12-09,8.15,8.15,8,8,26870
BRD,2008-12-10,8,8.15,7.95,7.95,64640
BRD,2008-12-11,8,8,7.8,7.9,150680
BRD,2008-12-12,7.8,7.9,7.55,7.75,165170
BRD,2008-12-15,7.85,7.95,7.65,7.7,117050
BRD,2008-12-16,7.65,7.8,7.65,7.8,173330
BRD,2008-12-17,7.85,8.2,7.85,8,196390
BRD,2008-12-18,8.1,8.15,7.8,8.15,54420
BRD,2008-12-19,8,8.15,7.95,8.05,77920
BRD,2008-12-22,8,8.15,8,8.1,720520
BRD,2008-12-23,8.05,8.35,8.05,8.25,148870
