"Data","Ora","Simbol","Scadenta","Pret","Volum","OpenInt"
"2008-01-03","10:00:21","DESIF2","MAR08","3.5601","2","13796"
"2008-01-03","10:00:45","DESIF5","MAR08","4.5413","2","17894"
"2008-01-03","10:00:45","DESIF5","MAR08","4.6000","2","17894"
"2008-01-03","10:00:46","DESIF5","MAR08","4.5500","2","17894"
"2008-01-03","10:00:50","DESIF5","MAR08","4.5500","4","17894"
"2008-01-03","10:01:25","DESIF2","MAR08","3.6002","3","13796"
"2008-01-03","10:01:25","DESIF2","MAR08","3.6000","2","13796"
"2008-01-03","10:01:26","DESIF2","MAR08","3.6000","1","13796"
"2008-01-03","10:01:53","DESIF5","MAR08","4.5601","2","17894"
"2008-01-03","10:01:56","DESIF2","MAR08","3.6050","2","13796"
"2008-01-03","10:01:56","DESIF2","MAR08","3.6002","3","13796"
"2008-01-03","10:01:56","DESIF2","MAR08","3.6000","2","13796"
"2008-01-03","10:01:56","DESIF2","MAR08","3.6000","2","13796"
"2008-01-03","10:02:04","DESIF2","MAR08","3.6000","1","13796"
"2008-01-03","10:02:13","DESIF2","MAR08","3.6000","10","13796"
"2008-01-03","10:02:50","DESIF5","MAR08","4.5900","15","17894"
"2008-01-03","10:03:21","DESIF3","MAR08","2.5477","1","310"
"2008-01-03","10:03:31","DESIF2","MAR08","3.6300","5","13796"
"2008-01-03","10:03:34","DESIF2","MAR08","3.6300","2","13796"
"2008-01-03","10:04:10","DESIF2","MAR08","3.6100","10","13796"
"2008-01-03","10:04:30","DESIF2","MAR08","3.6100","5","13796"
"2008-01-03","10:04:52","DESIF2","MAR08","3.6100","3","13796"
"2008-01-03","10:05:02","DESIF2","MAR08","3.6099","1","13796"
"2008-01-03","10:05:06","DESIF2","MAR08","3.6005","3","13796"
"2008-01-03","10:05:06","DESIF2","MAR08","3.6001","4","13796"
"2008-01-03","10:05:06","DESIF2","MAR08","3.6000","1","13796"
"2008-01-03","10:05:06","DESIF2","MAR08","3.6000","10","13796"
"2008-01-03","10:05:17","DESIF2","MAR08","3.6000","2","13796"
"2008-01-03","10:05:19","DESIF2","MAR08","3.6099","1","13796"
"2008-01-03","10:05:19","DESIF2","MAR08","3.6200","5","13796"
"2008-01-03","10:05:19","DESIF2","MAR08","3.6297","4","13796"
"2008-01-03","10:05:57","DESIF2","MAR08","3.6200","10","13796"
"2008-01-03","10:06:38","DESIF2","MAR08","3.6199","4","13796"
"2008-01-03","10:07:05","DEBRK","MAR08","2.8850","2","1230"
"2008-01-03","10:07:12","DESIF2","MAR08","3.6005","3","13796"
"2008-01-03","10:07:12","DESIF2","MAR08","3.6000","8","13796"
"2008-01-03","10:07:29","DESIF2","MAR08","3.5900","10","13796"
"2008-01-03","10:07:29","DESIF2","MAR08","3.6000","5","13796"
"2008-01-03","10:07:35","DESIF2","MAR08","3.6000","4","13796"
"2008-01-03","10:07:45","DESIF2","MAR08","3.6005","4","13796"
"2008-01-03","10:07:45","DESIF2","MAR08","3.6000","6","13796"
"2008-01-03","10:07:45","DESIF2","MAR08","3.6000","7","13796"
"2008-01-03","10:08:06","DESIF5","MAR08","4.5651","1","17894"
"2008-01-03","10:08:06","DESIF5","MAR08","4.5650","9","17894"
"2008-01-03","10:08:22","DESIF2","MAR08","3.6000","1","13796"
"2008-01-03","10:08:26","DESNP","MAR08","0.5361","1","280"
"2008-01-03","10:08:43","DESIF5","MAR08","4.5650","1","17894"
"2008-01-03","10:08:43","DESIF5","MAR08","4.5615","2","17894"
"2008-01-03","10:08:43","DESIF5","MAR08","4.5605","5","17894"
"2008-01-03","10:08:43","DESIF5","MAR08","4.5602","2","17894"
"2008-01-03","10:08:43","DESIF5","MAR08","4.5601","5","17894"
"2008-01-03","10:08:43","DESIF5","MAR08","4.5600","2","17894"
"2008-01-03","10:09:04","DESIF5","MAR08","4.5600","3","17894"
"2008-01-03","10:09:09","DETLV","IUN08","1.0400","1","14"
"2008-01-03","10:09:28","DESIF2","MAR08","3.6000","2","13796"
"2008-01-03","10:09:29","DETLV","IUN08","1.0400","1","14"
"2008-01-03","10:10:03","DESIF2","MAR08","3.5900","2","13796"
"2008-01-03","10:10:09","DESIF5","MAR08","4.5600","4","17894"
"2008-01-03","10:10:14","DESIF2","MAR08","3.5900","1","13796"
"2008-01-03","10:10:20","DESIF5","MAR08","4.5550","1","17894"
"2008-01-03","10:10:20","DESIF5","MAR08","4.5540","6","17894"
"2008-01-03","10:10:20","DESIF5","MAR08","4.5515","2","17894"
"2008-01-03","10:10:20","DESIF5","MAR08","4.5502","1","17894"
"2008-01-03","10:10:20","DESIF5","MAR08","4.5501","25","17894"
"2008-01-03","10:10:20","DESIF5","MAR08","4.5500","5","17894"
"2008-01-03","10:10:20","DESIF5","MAR08","4.5500","20","17894"
"2008-01-03","10:10:25","DESIF2","MAR08","3.6000","3","13796"
"2008-01-03","10:10:30","DESIF5","MAR08","4.5500","1","17894"
"2008-01-03","10:10:31","DESIF2","MAR08","3.5901","1","13796"
"2008-01-03","10:10:31","DESIF2","MAR08","3.5900","4","13796"
"2008-01-03","10:10:34","DESIF2","MAR08","3.5900","3","13796"
"2008-01-03","10:10:58","DESIF2","MAR08","3.5900","1","13796"
"2008-01-03","10:11:02","DESIF5","MAR08","4.5567","1","17894"
"2008-01-03","10:11:48","DESIF2","MAR08","3.5900","1","13796"
"2008-01-03","10:11:51","DESIF2","MAR08","3.5900","5","13796"
"2008-01-03","10:12:06","DESIF5","MAR08","4.5412","2","17894"
"2008-01-03","10:12:07","DESIF5","MAR08","4.5500","8","17894"
"2008-01-03","10:12:33","DESIF2","MAR08","3.5900","1","13796"
"2008-01-03","10:12:40","DESIF2","MAR08","3.5850","2","13796"
"2008-01-03","10:12:40","DESIF2","MAR08","3.5800","5","13796"
"2008-01-03","10:12:55","DESIF5","MAR08","4.5500","2","17894"
"2008-01-03","10:13:12","DESIF2","MAR08","3.5800","10","13796"
"2008-01-03","10:13:19","DESIF5","MAR08","4.5412","8","17894"
"2008-01-03","10:13:19","DESIF5","MAR08","4.5412","1","17894"
"2008-01-03","10:13:24","DESIF5","MAR08","4.5400","1","17894"
"2008-01-03","10:13:32","DESIF5","MAR08","4.5400","6","17894"
"2008-01-03","10:13:38","DESIF5","MAR08","4.5400","3","17894"
"2008-01-03","10:13:41","DESIF2","MAR08","3.5800","4","13796"
"2008-01-03","10:14:08","DESIF5","MAR08","4.5400","1","17894"
"2008-01-03","10:14:08","DESIF5","MAR08","4.5400","1","17894"
"2008-01-03","10:14:14","DESIF2","MAR08","3.5800","1","13796"
"2008-01-03","10:14:14","DESIF2","MAR08","3.5800","1","13796"
"2008-01-03","10:14:20","DESIF2","MAR08","3.5800","1","13796"
"2008-01-03","10:14:26","DESIF2","MAR08","3.5800","2","13796"
"2008-01-03","10:14:26","DESIF2","MAR08","3.5800","1","13796"
"2008-01-03","10:14:56","DESIF5","IUN08","4.6700","1","2738"
"2008-01-03","10:15:09","DESIF2","MAR08","3.5800","7","13796"
"2008-01-03","10:15:27","DESIF2","MAR08","3.5800","18","13796"
"2008-01-03","10:15:33","DESIF2","MAR08","3.5800","2","13796"
"2008-01-03","10:15:38","DESIF5","MAR08","4.5401","10","17894"
"2008-01-03","10:15:48","DESIF5","MAR08","4.5400","1","17894"
"2008-01-03","10:16:00","DESIF2","MAR08","3.5800","2","13796"
"2008-01-03","10:16:00","DESIF2","MAR08","3.5800","1","13796"
"2008-01-03","10:16:02","DESIF2","MAR08","3.5800","10","13796"
"2008-01-03","10:16:02","DESIF2","MAR08","3.5720","1","13796"
"2008-01-03","10:16:02","DESIF2","MAR08","3.5712","3","13796"
"2008-01-03","10:16:02","DESIF2","MAR08","3.5711","4","13796"
"2008-01-03","10:16:02","DESIF2","MAR08","3.5703","4","13796"
"2008-01-03","10:16:02","DESIF2","MAR08","3.5701","8","13796"
"2008-01-03","10:16:24","DESIF2","MAR08","3.5800","2","13796"
"2008-01-03","10:16:24","DESIF2","MAR08","3.5849","4","13796"
"2008-01-03","10:16:24","DESIF2","MAR08","3.5850","14","13796"
"2008-01-03","10:16:26","DESIF5","MAR08","4.5325","1","17894"
"2008-01-03","10:16:28","DESIF2","MAR08","3.5850","1","13796"
"2008-01-03","10:16:28","DESIF2","MAR08","3.5890","1","13796"
"2008-01-03","10:17:08","DESIF5","IUN08","4.6651","1","2738"
"2008-01-03","10:17:08","DESIF5","IUN08","4.6650","2","2738"
"2008-01-03","10:17:17","DESIF5","IUN08","4.6600","1","2738"
"2008-01-03","10:17:23","DESIF2","MAR08","3.5850","1","13796"
"2008-01-03","10:17:30","DESIF2","MAR08","3.5703","1","13796"
"2008-01-03","10:17:30","DESIF2","MAR08","3.5702","9","13796"
"2008-01-03","10:17:49","DESIF2","MAR08","3.5706","3","13796"
"2008-01-03","10:18:00","DESIF2","MAR08","3.5750","50","13796"
"2008-01-03","10:18:00","DESIF2","MAR08","3.5706","8","13796"
"2008-01-03","10:18:00","DESIF2","MAR08","3.5705","6","13796"
"2008-01-03","10:18:00","DESIF2","MAR08","3.5702","2","13796"
"2008-01-03","10:18:00","DESIF2","MAR08","3.5701","12","13796"
"2008-01-03","10:18:08","DESIF5","MAR08","4.5398","3","17894"
"2008-01-03","10:18:09","DESIF5","MAR08","4.5398","2","17894"
"2008-01-03","10:18:09","DESIF5","MAR08","4.5400","7","17894"
"2008-01-03","10:18:11","DESIF5","MAR08","4.5400","182","17894"
"2008-01-03","10:18:13","DESIF5","MAR08","4.5400","6","17894"
"2008-01-03","10:18:19","DESIF2","MAR08","3.5700","5","13796"
"2008-01-03","10:18:32","DESIF2","MAR08","3.5700","3","13796"
"2008-01-03","10:18:42","DESIF2","MAR08","3.5700","7","13796"
"2008-01-03","10:18:47","DESIF2","MAR08","3.5700","3","13796"
"2008-01-03","10:18:55","DESIF5","MAR08","4.5400","1","17894"
"2008-01-03","10:18:59","DESIF5","MAR08","4.5450","6","17894"
"2008-01-03","10:19:02","DESIF2","MAR08","3.5700","3","13796"
"2008-01-03","10:19:02","DESIF2","MAR08","3.5700","1","13796"
"2008-01-03","10:19:26","DESIF2","MAR08","3.5700","3","13796"
"2008-01-03","10:19:39","DESIF5","MAR08","4.5401","1","17894"
"2008-01-03","10:19:39","DESIF5","MAR08","4.5401","11","17894"
"2008-01-03","10:20:28","DESIF5","MAR08","4.5401","14","17894"
"2008-01-03","10:20:28","DESIF5","MAR08","4.5400","11","17894"
"2008-01-03","10:22:05","DESIF2","MAR08","3.5750","2","13796"
"2008-01-03","10:22:10","DESIF2","MAR08","3.5700","1","13796"
"2008-01-03","10:22:10","DESIF2","MAR08","3.5700","5","13796"
"2008-01-03","10:22:10","DESIF2","MAR08","3.5700","5","13796"
"2008-01-03","10:22:14","DESIF5","MAR08","4.5498","2","17894"
"2008-01-03","10:22:14","DESIF2","MAR08","3.5700","1","13796"
"2008-01-03","10:22:14","DESIF2","MAR08","3.5830","1","13796"
"2008-01-03","10:22:59","DESIF5","MAR08","4.5400","1","17894"
"2008-01-03","10:23:12","DESIF5","MAR08","4.5400","23","17894"
"2008-01-03","10:24:03","DESIF5","MAR08","4.5400","1","17894"
"2008-01-03","10:25:12","DESIF5","MAR08","4.5400","2","17894"
"2008-01-03","10:25:12","DESIF5","MAR08","4.5400","3","17894"
"2008-01-03","10:25:33","DESIF5","MAR08","4.5400","1","17894"
"2008-01-03","10:26:20","DESIF5","MAR08","4.5400","1","17894"
"2008-01-03","10:26:28","DESIF2","MAR08","3.5740","1","13796"
"2008-01-03","10:26:28","DESIF2","MAR08","3.5740","1","13796"
"2008-01-03","10:26:48","DESIF2","MAR08","3.5793","7","13796"
"2008-01-03","10:26:48","DESIF2","MAR08","3.5793","4","13796"
"2008-01-03","10:26:48","DESIF2","MAR08","3.5794","20","13796"
"2008-01-03","10:26:48","DESIF2","MAR08","3.5795","15","13796"
"2008-01-03","10:26:48","DESIF2","MAR08","3.5799","16","13796"
"2008-01-03","10:26:48","DESIF2","MAR08","3.5800","10","13796"
"2008-01-03","10:26:48","DESIF2","MAR08","3.5800","8","13796"
"2008-01-03","10:26:54","DESIF2","MAR08","3.5800","1","13796"
"2008-01-03","10:27:08","DESIF2","MAR08","3.5800","3","13796"
"2008-01-03","10:27:13","DESIF5","MAR08","4.5400","24","17894"
"2008-01-03","10:27:13","DESIF5","MAR08","4.5400","5","17894"
"2008-01-03","10:27:41","DESIF5","MAR08","4.5400","5","17894"
"2008-01-03","10:28:22","DESIF2","MAR08","3.5829","1","13796"
"2008-01-03","10:28:25","DESIF5","IUN08","4.6600","20","2738"
"2008-01-03","10:28:25","DESIF5","IUN08","4.6600","1","2738"
"2008-01-03","10:28:39","DESIF5","MAR08","4.5450","1","17894"
"2008-01-03","10:28:39","DESIF5","MAR08","4.5400","9","17894"
"2008-01-03","10:29:08","DESIF2","MAR08","3.5830","2","13796"
"2008-01-03","10:29:30","DESIF2","MAR08","3.5840","2","13796"
"2008-01-03","10:29:30","DESIF2","MAR08","3.5845","7","13796"
"2008-01-03","10:29:30","DESIF2","MAR08","3.5850","11","13796"
"2008-01-03","10:29:32","DESIF2","MAR08","3.5850","3","13796"
"2008-01-03","10:30:13","DESIF5","MAR08","4.5450","1","17894"
"2008-01-03","10:30:13","DESIF5","MAR08","4.5500","4","17894"
"2008-01-03","10:30:13","DESIF5","MAR08","4.5500","1","17894"
"2008-01-03","10:30:23","DESIF5","MAR08","4.5500","1","17894"
"2008-01-03","10:32:11","DESIF2","MAR08","3.5830","1","13796"
"2008-01-03","10:32:20","DESIF5","MAR08","4.5500","2","17894"
"2008-01-03","10:32:25","DESIF2","MAR08","3.5800","2","13796"
"2008-01-03","10:33:17","DESIF5","MAR08","4.5499","1","17894"
"2008-01-03","10:33:20","DESIF2","MAR08","3.5800","1","13796"
"2008-01-03","10:33:20","DESIF2","MAR08","3.5800","1","13796"
"2008-01-03","10:33:20","DESIF2","MAR08","3.5800","1","13796"
"2008-01-03","10:33:41","DESIF5","MAR08","4.5499","1","17894"
"2008-01-03","10:33:41","DESIF5","MAR08","4.5500","2","17894"
"2008-01-03","10:33:41","DESIF5","MAR08","4.5500","5","17894"
"2008-01-03","10:33:41","DESIF5","MAR08","4.5500","2","17894"
"2008-01-03","10:33:50","DESIF5","MAR08","4.5500","3","17894"
"2008-01-03","10:33:50","DESIF5","MAR08","4.5500","2","17894"
"2008-01-03","10:33:52","DESIF5","MAR08","4.5500","2","17894"
"2008-01-03","10:34:32","DESIF2","MAR08","3.5828","2","13796"
"2008-01-03","10:34:45","DESIF5","MAR08","4.5500","2","17894"
"2008-01-03","10:34:49","DESIF5","MAR08","4.5500","1","17894"
"2008-01-03","10:34:54","DESIF5","MAR08","4.5500","3","17894"
"2008-01-03","10:34:54","DESIF2","MAR08","3.5800","4","13796"
"2008-01-03","10:35:05","DESIF2","MAR08","3.5800","20","13796"
"2008-01-03","10:35:05","DESIF2","MAR08","3.5800","2","13796"
"2008-01-03","10:35:22","DESIF2","MAR08","3.5800","1","13796"
"2008-01-03","10:35:54","DESIF5","MAR08","4.5501","1","17894"
"2008-01-03","10:35:54","DESIF5","MAR08","4.5500","2","17894"
"2008-01-03","10:35:54","DESIF5","MAR08","4.5450","2","17894"
"2008-01-03","10:35:54","DESIF5","MAR08","4.5415","5","17894"
"2008-01-03","10:35:54","DESIF5","MAR08","4.5410","10","17894"
"2008-01-03","10:35:54","DESIF5","MAR08","4.5403","5","17894"
"2008-01-03","10:35:54","DESIF5","MAR08","4.5402","3","17894"
"2008-01-03","10:35:54","DESIF5","MAR08","4.5401","4","17894"
"2008-01-03","10:35:54","DESIF5","MAR08","4.5400","10","17894"
"2008-01-03","10:35:54","DESIF5","MAR08","4.5400","99","17894"
"2008-01-03","10:36:43","DESIF5","MAR08","4.5401","1","17894"
"2008-01-03","10:36:43","DESIF5","MAR08","4.5400","49","17894"
"2008-01-03","10:36:50","DESIF5","MAR08","4.5400","30","17894"
"2008-01-03","10:36:55","DESIF2","MAR08","3.5800","5","13796"
"2008-01-03","10:37:21","DESIF5","MAR08","4.5400","3","17894"
"2008-01-03","10:37:29","DESIF2","MAR08","3.5800","1","13796"
"2008-01-03","10:38:13","DESIF2","MAR08","3.5800","4","13796"
"2008-01-03","10:38:13","DESIF2","MAR08","3.5800","5","13796"
"2008-01-03","10:38:21","DESIF2","MAR08","3.5800","1","13796"
"2008-01-03","10:38:26","DESIF5","MAR08","4.5500","1","17894"
"2008-01-03","10:38:36","DESIF2","MAR08","3.5762","2","13796"
"2008-01-03","10:38:36","DESIF2","MAR08","3.5761","1","13796"
"2008-01-03","10:38:36","DESIF2","MAR08","3.5760","3","13796"
"2008-01-03","10:38:36","DESIF2","MAR08","3.5750","2","13796"
"2008-01-03","10:38:36","DESIF2","MAR08","3.5750","42","13796"
"2008-01-03","10:38:54","DESIF2","MAR08","3.5800","5","13796"
"2008-01-03","10:39:18","DESIF2","MAR08","3.5790","15","13796"
"2008-01-03","10:39:55","DESIF2","MAR08","3.5799","1","13796"
"2008-01-03","10:40:03","DESIF5","MAR08","4.5400","19","17894"
"2008-01-03","10:40:03","DESIF5","MAR08","4.5400","1","17894"
"2008-01-03","10:40:03","DESIF2","MAR08","3.5752","2","13796"
"2008-01-03","10:40:03","DESIF2","MAR08","3.5750","8","13796"
"2008-01-03","10:40:15","DESIF2","MAR08","3.5735","5","13796"
"2008-01-03","10:41:04","DESIF2","MAR08","3.5750","2","13796"
"2008-01-03","10:41:17","DESIF2","MAR08","3.5750","3","13796"
"2008-01-03","10:41:50","DESIF5","MAR08","4.5400","10","17894"
"2008-01-03","10:41:55","DESIF2","MAR08","3.5798","20","13796"
"2008-01-03","10:41:55","DESIF2","MAR08","3.5800","10","13796"
"2008-01-03","10:41:55","DESIF2","MAR08","3.5800","15","13796"
"2008-01-03","10:41:56","DESIF2","MAR08","3.5800","5","13796"
"2008-01-03","10:42:14","DESNP","MAR08","0.5352","1","280"
"2008-01-03","10:42:26","DESIF5","MAR08","4.5351","7","17894"
"2008-01-03","10:42:35","DESIF5","MAR08","4.5351","3","17894"
"2008-01-03","10:42:50","DESIF5","MAR08","4.5351","10","17894"
"2008-01-03","10:42:54","DESIF5","MAR08","4.5350","2","17894"
"2008-01-03","10:42:54","DESIF5","MAR08","4.5321","2","17894"
"2008-01-03","10:42:54","DESIF5","MAR08","4.5310","5","17894"
"2008-01-03","10:42:54","DESIF5","MAR08","4.5300","1","17894"
"2008-01-03","10:43:25","DESIF2","MAR08","3.5725","1","13796"
"2008-01-03","10:43:25","DESIF2","MAR08","3.5715","1","13796"
"2008-01-03","10:43:25","DESIF2","MAR08","3.5714","4","13796"
"2008-01-03","10:43:31","DESIF2","MAR08","3.5701","3","13796"
"2008-01-03","10:43:31","DESIF2","MAR08","3.5700","2","13796"
"2008-01-03","10:43:35","DESIF2","MAR08","3.5700","2","13796"
"2008-01-03","10:43:35","DESIF2","MAR08","3.5750","3","13796"
"2008-01-03","10:44:15","DESIF2","MAR08","3.5700","10","13796"
"2008-01-03","10:44:15","DESIF2","MAR08","3.5700","4","13796"
"2008-01-03","10:44:37","DESIF2","MAR08","3.5700","17","13796"
"2008-01-03","10:44:44","DESIF5","IUN08","4.6541","2","2738"
"2008-01-03","10:45:10","DESIF2","MAR08","3.5700","10","13796"
"2008-01-03","10:45:12","DESIF2","MAR08","3.5700","9","13796"
"2008-01-03","10:45:41","DESIF5","IUN08","4.6540","2","2738"
"2008-01-03","10:45:41","DESIF5","IUN08","4.6490","1","2738"
"2008-01-03","10:45:50","DESIF2","MAR08","3.5660","1","13796"
"2008-01-03","10:46:03","DESIF5","MAR08","4.5215","2","17894"
"2008-01-03","10:46:21","DESIF2","MAR08","3.5653","5","13796"
"2008-01-03","10:46:21","DESIF2","MAR08","3.5650","10","13796"
"2008-01-03","10:46:21","DESIF2","MAR08","3.5650","1","13796"
"2008-01-03","10:46:21","DESIF2","MAR08","3.5620","1","13796"
"2008-01-03","10:46:21","DESIF2","MAR08","3.5616","1","13796"
"2008-01-03","10:46:21","DESIF5","IUN08","4.6490","2","2738"
"2008-01-03","10:46:44","DESIF2","MAR08","3.5650","4","13796"
"2008-01-03","10:46:48","DESIF2","MAR08","3.5650","1","13796"
"2008-01-03","10:46:57","DESIF5","MAR08","4.5215","1","17894"
"2008-01-03","10:46:57","DESIF5","MAR08","4.5300","10","17894"
"2008-01-03","10:47:23","DESIF2","MAR08","3.5610","5","13796"
"2008-01-03","10:47:23","DESIF2","MAR08","3.5608","5","13796"
"2008-01-03","10:47:28","DESIF2","MAR08","3.5608","1","13796"
"2008-01-03","10:47:28","DESIF2","MAR08","3.5605","9","13796"
"2008-01-03","10:48:00","DESIF2","MAR08","3.5605","1","13796"
"2008-01-03","10:48:00","DESIF2","MAR08","3.5602","5","13796"
"2008-01-03","10:48:00","DESIF2","MAR08","3.5601","5","13796"
"2008-01-03","10:48:14","DESIF5","MAR08","4.5215","4","17894"
"2008-01-03","10:48:16","DESIF3","MAR08","2.4946","1","310"
"2008-01-03","10:48:18","DESIF2","MAR08","3.5601","13","13796"
"2008-01-03","10:48:18","DESIF2","MAR08","3.5600","7","13796"
"2008-01-03","10:48:21","DESIF5","MAR08","4.5213","1","17894"
"2008-01-03","10:48:25","DESIF2","MAR08","3.5600","3","13796"
"2008-01-03","10:48:30","DESIF2","MAR08","3.5600","1","13796"
"2008-01-03","10:48:42","DESIF2","MAR08","3.5600","9","13796"
"2008-01-03","10:49:09","DESIF2","MAR08","3.5600","7","13796"
"2008-01-03","10:49:09","DESIF2","MAR08","3.5600","3","13796"
"2008-01-03","10:49:40","DESIF2","MAR08","3.5600","9","13796"
"2008-01-03","10:49:40","DESIF2","MAR08","3.5600","5","13796"
"2008-01-03","10:49:40","DESIF2","MAR08","3.5600","6","13796"
"2008-01-03","10:49:58","DESIF2","MAR08","3.5600","2","13796"
"2008-01-03","10:50:24","DESIF5","MAR08","4.5290","5","17894"
"2008-01-03","10:50:29","DESIF2","MAR08","3.5599","5","13796"
"2008-01-03","10:50:42","DESIF5","MAR08","4.5290","10","17894"
"2008-01-03","10:51:06","DESIF5","MAR08","4.5290","10","17894"
"2008-01-03","10:51:35","DESIF2","MAR08","3.5599","2","13796"
"2008-01-03","10:51:46","DESIF2","MAR08","3.5599","3","13796"
"2008-01-03","10:51:46","DESIF2","MAR08","3.5600","3","13796"
"2008-01-03","10:51:46","DESIF2","MAR08","3.5600","2","13796"
"2008-01-03","10:51:46","DESIF2","MAR08","3.5600","2","13796"
"2008-01-03","10:53:35","DESIF5","MAR08","4.5150","5","17894"
"2008-01-03","10:53:35","DESIF5","MAR08","4.5150","1","17894"
"2008-01-03","10:53:36","DESIF5","MAR08","4.5150","1","17894"
"2008-01-03","10:53:36","DESIF5","MAR08","4.5130","1","17894"
"2008-01-03","10:53:36","DESIF5","MAR08","4.5129","1","17894"
"2008-01-03","10:53:43","DESIF5","MAR08","4.5200","10","17894"
"2008-01-03","10:54:17","DESIF5","MAR08","4.5129","2","17894"
"2008-01-03","10:54:23","DESIF2","MAR08","3.5600","5","13796"
"2008-01-03","10:54:31","DESIF2","MAR08","3.5541","1","13796"
"2008-01-03","10:54:31","DESIF2","MAR08","3.5540","1","13796"
"2008-01-03","10:54:32","DESIF2","MAR08","3.5540","9","13796"
"2008-01-03","10:55:47","DESIF2","MAR08","3.5535","1","13796"
"2008-01-03","10:55:52","DESIF2","MAR08","3.5520","5","13796"
"2008-01-03","10:55:52","DESIF2","MAR08","3.5502","1","13796"
"2008-01-03","10:55:52","DESIF2","MAR08","3.5501","1","13796"
"2008-01-03","10:55:52","DESIF2","MAR08","3.5500","1","13796"
"2008-01-03","10:55:52","DESIF2","MAR08","3.5400","3","13796"
"2008-01-03","10:56:08","DESIF5","MAR08","4.5150","2","17894"
"2008-01-03","10:56:08","DESIF5","MAR08","4.5131","5","17894"
"2008-01-03","10:56:08","DESIF5","MAR08","4.5130","5","17894"
"2008-01-03","10:56:08","DESIF5","MAR08","4.5129","7","17894"
"2008-01-03","10:56:08","DESIF5","MAR08","4.5129","3","17894"
"2008-01-03","10:56:08","DESIF5","MAR08","4.5127","3","17894"
"2008-01-03","10:57:28","DESIF2","MAR08","3.5500","1","13796"
"2008-01-03","10:57:55","DESIF2","MAR08","3.5401","1","13796"
"2008-01-03","10:57:55","DESIF2","MAR08","3.5401","1","13796"
"2008-01-03","10:57:55","DESIF2","MAR08","3.5400","3","13796"
"2008-01-03","10:58:01","DESIF5","MAR08","4.5150","3","17894"
"2008-01-03","10:58:07","DESIF5","MAR08","4.5150","2","17894"
"2008-01-03","10:58:07","DESIF5","MAR08","4.5132","1","17894"
"2008-01-03","10:58:07","DESIF5","MAR08","4.5130","1","17894"
"2008-01-03","10:58:07","DESIF5","MAR08","4.5129","5","17894"
"2008-01-03","10:58:07","DESIF5","MAR08","4.5128","1","17894"
"2008-01-03","10:58:11","DESIF5","MAR08","4.5128","4","17894"
"2008-01-03","10:58:11","DESIF5","MAR08","4.5128","2","17894"
"2008-01-03","10:58:11","DESIF5","MAR08","4.5127","19","17894"
"2008-01-03","10:58:14","DESIF2","MAR08","3.5400","5","13796"
"2008-01-03","10:59:01","DESIF2","MAR08","3.5400","5","13796"
"2008-01-03","10:59:05","DESIF2","MAR08","3.5400","5","13796"
"2008-01-03","10:59:18","DESIF5","MAR08","4.5130","1","17894"
"2008-01-03","10:59:18","DESIF5","MAR08","4.5127","9","17894"
"2008-01-03","10:59:20","DESIF5","MAR08","4.5127","30","17894"
"2008-01-03","10:59:24","DESIF5","MAR08","4.5127","5","17894"
"2008-01-03","10:59:24","DESIF5","MAR08","4.5127","45","17894"
"2008-01-03","10:59:24","DESIF5","MAR08","4.5120","13","17894"
"2008-01-03","10:59:24","DESIF5","MAR08","4.5111","1","17894"
"2008-01-03","10:59:24","DESIF5","MAR08","4.5106","10","17894"
"2008-01-03","10:59:24","DESIF5","MAR08","4.5105","10","17894"
"2008-01-03","10:59:24","DESIF5","MAR08","4.5104","10","17894"
"2008-01-03","10:59:29","DESIF2","MAR08","3.5400","5","13796"
"2008-01-03","10:59:29","DESIF5","MAR08","4.5100","6","17894"
"2008-01-03","10:59:45","DESIF2","MAR08","3.5420","2","13796"
"2008-01-03","10:59:45","DESIF2","MAR08","3.5350","1","13796"
"2008-01-03","10:59:45","DESIF2","MAR08","3.5333","1","13796"
"2008-01-03","10:59:45","DESIF2","MAR08","3.5312","2","13796"
"2008-01-03","10:59:45","DESIF2","MAR08","3.5311","4","13796"
"2008-01-03","10:59:45","DESIF2","MAR08","3.5310","1","13796"
"2008-01-03","10:59:45","DESIF2","MAR08","3.5310","2","13796"
"2008-01-03","10:59:45","DESIF2","MAR08","3.5310","5","13796"
"2008-01-03","10:59:45","DESIF2","MAR08","3.5306","1","13796"
"2008-01-03","10:59:45","DESIF2","MAR08","3.5300","1","13796"
"2008-01-03","11:00:01","DESIF5","MAR08","4.5003","3","17894"
"2008-01-03","11:00:01","DESIF5","MAR08","4.5002","2","17894"
"2008-01-03","11:00:01","DESIF5","MAR08","4.5001","1","17894"
"2008-01-03","11:00:01","DESIF5","MAR08","4.5000","1","17894"
"2008-01-03","11:00:01","DESIF5","MAR08","4.5000","1","17894"
"2008-01-03","11:00:01","DESIF5","MAR08","4.5000","2","17894"
"2008-01-03","11:00:01","DESIF5","MAR08","4.5000","15","17894"
"2008-01-03","11:00:02","DESIF5","MAR08","4.5000","12","17894"
"2008-01-03","11:00:08","DESIF5","MAR08","4.5000","3","17894"
"2008-01-03","11:00:38","DETLV","MAR08","0.9300","1","1916"
"2008-01-03","11:00:40","DESIF2","MAR08","3.5300","2","13796"
"2008-01-03","11:00:55","DESIF5","MAR08","4.4742","1","17894"
"2008-01-03","11:00:57","DESIF2","MAR08","3.5200","2","13796"
"2008-01-03","11:01:23","DESIF2","MAR08","3.5200","3","13796"
"2008-01-03","11:01:24","DESIF5","IUN08","4.6430","8","2738"
"2008-01-03","11:01:24","DESIF5","IUN08","4.6420","1","2738"
"2008-01-03","11:01:31","DESIF2","MAR08","3.5200","1","13796"
"2008-01-03","11:01:42","DESIF2","MAR08","3.5100","30","13796"
"2008-01-03","11:01:46","DESIF2","MAR08","3.5060","10","13796"
"2008-01-03","11:02:03","DESIF2","MAR08","3.5061","5","13796"
"2008-01-03","11:02:03","DESIF2","MAR08","3.5060","5","13796"
"2008-01-03","11:02:06","DESIF2","MAR08","3.5060","10","13796"
"2008-01-03","11:02:08","DESIF5","IUN08","4.6420","1","2738"
"2008-01-03","11:02:08","DESIF5","IUN08","4.6400","1","2738"
"2008-01-03","11:02:09","DESIF2","MAR08","3.5060","1","13796"
"2008-01-03","11:02:31","DESIF2","MAR08","3.5101","1","13796"
"2008-01-03","11:02:31","DESIF2","MAR08","3.5060","40","13796"
"2008-01-03","11:02:32","DESIF2","MAR08","3.5060","10","13796"
"2008-01-03","11:03:03","DESIF2","MAR08","3.5100","3","13796"
"2008-01-03","11:03:11","DESIF2","MAR08","3.5100","15","13796"
"2008-01-03","11:03:18","DESIF5","IUN08","4.6400","2","2738"
"2008-01-03","11:03:18","DESIF5","IUN08","4.6350","5","2738"
"2008-01-03","11:03:18","DESIF5","IUN08","4.6350","3","2738"
"2008-01-03","11:03:20","DESIF2","MAR08","3.5100","1","13796"
"2008-01-03","11:03:25","DESIF2","MAR08","3.5060","36","13796"
"2008-01-03","11:03:34","DESIF2","MAR08","3.5100","1","13796"
"2008-01-03","11:04:04","DESIF5","MAR08","4.4750","2","17894"
"2008-01-03","11:04:16","DESIF5","IUN08","4.6350","5","2738"
"2008-01-03","11:05:01","DESIF5","MAR08","4.4750","1","17894"
"2008-01-03","11:05:25","DESIF2","MAR08","3.5103","4","13796"
"2008-01-03","11:05:25","DESIF2","MAR08","3.5101","3","13796"
"2008-01-03","11:05:25","DESIF2","MAR08","3.5100","5","13796"
"2008-01-03","11:05:25","DESIF2","MAR08","3.5100","1","13796"
"2008-01-03","11:06:07","DESIF5","IUN08","4.6350","2","2738"
"2008-01-03","11:06:40","DESIF5","MAR08","4.4777","1","17894"
"2008-01-03","11:06:40","DESIF5","MAR08","4.4750","1","17894"
"2008-01-03","11:06:49","DESIF5","MAR08","4.4800","3","17894"
"2008-01-03","11:06:51","DESIF5","MAR08","4.4750","25","17894"
"2008-01-03","11:07:05","DESIF5","MAR08","4.4750","5","17894"
"2008-01-03","11:07:45","DESIF2","MAR08","3.5200","1","13796"
"2008-01-03","11:07:45","DESIF2","MAR08","3.5200","1","13796"
"2008-01-03","11:07:45","DESIF2","MAR08","3.5200","6","13796"
"2008-01-03","11:07:54","DESIF5","IUN08","4.6340","2","2738"
"2008-01-03","11:07:54","DESIF5","IUN08","4.6320","7","2738"
"2008-01-03","11:07:54","DESIF5","IUN08","4.6310","1","2738"
"2008-01-03","11:07:56","DESIF5","MAR08","4.4750","1","17894"
"2008-01-03","11:08:04","DESIF5","MAR08","4.4800","2","17894"
"2008-01-03","11:08:25","DESIF2","MAR08","3.5150","1","13796"
"2008-01-03","11:08:25","DESIF2","MAR08","3.5103","2","13796"
"2008-01-03","11:08:33","DESIF5","MAR08","4.4800","5","17894"
"2008-01-03","11:08:52","DESIF5","MAR08","4.4800","3","17894"
"2008-01-03","11:08:54","DESIF5","IUN08","4.6310","2","2738"
"2008-01-03","11:09:10","DESIF2","MAR08","3.5103","2","13796"
"2008-01-03","11:09:10","DESIF2","MAR08","3.5103","1","13796"
"2008-01-03","11:09:13","DESIF5","MAR08","4.4750","1","17894"
"2008-01-03","11:09:14","DESIF2","MAR08","3.5102","10","13796"
"2008-01-03","11:09:19","DESIF2","MAR08","3.5102","2","13796"
"2008-01-03","11:09:23","DESIF2","MAR08","3.5102","1","13796"
"2008-01-03","11:09:26","DESIF2","MAR08","3.5102","4","13796"
"2008-01-03","11:09:27","DESIF2","MAR08","3.5102","3","13796"
"2008-01-03","11:09:27","DESIF5","IUN08","4.6320","1","2738"
"2008-01-03","11:09:32","DESIF2","MAR08","3.5102","5","13796"
"2008-01-03","11:09:33","DESIF5","MAR08","4.4750","3","17894"
"2008-01-03","11:09:38","DESIF2","MAR08","3.5100","43","13796"
"2008-01-03","11:09:53","DESIF5","MAR08","4.4741","1","17894"
"2008-01-03","11:09:53","DESIF5","MAR08","4.4700","8","17894"
"2008-01-03","11:10:52","DESIF2","MAR08","3.5150","2","13796"
"2008-01-03","11:11:10","DESIF5","MAR08","4.4681","3","17894"
"2008-01-03","11:11:16","DESIF2","MAR08","3.5100","10","13796"
"2008-01-03","11:11:22","DESIF2","MAR08","3.5100","10","13796"
"2008-01-03","11:12:05","DESIF2","MAR08","3.5062","2","13796"
"2008-01-03","11:12:05","DESIF2","MAR08","3.5061","5","13796"
"2008-01-03","11:12:05","DESIF2","MAR08","3.5050","1","13796"
"2008-01-03","11:12:05","DESIF2","MAR08","3.5033","4","13796"
"2008-01-03","11:12:05","DESIF2","MAR08","3.5033","1","13796"
"2008-01-03","11:12:05","DESIF2","MAR08","3.5030","2","13796"
"2008-01-03","11:12:05","DESIF2","MAR08","3.5010","7","13796"
"2008-01-03","11:12:05","DESIF2","MAR08","3.5001","3","13796"
"2008-01-03","11:12:05","DESIF2","MAR08","3.5000","1","13796"
"2008-01-03","11:12:06","DESIF2","MAR08","3.5000","3","13796"
"2008-01-03","11:12:13","DESIF2","MAR08","3.5000","10","13796"
"2008-01-03","11:12:20","DESIF2","MAR08","3.5000","5","13796"
"2008-01-03","11:12:28","DESIF2","MAR08","3.5000","2","13796"
"2008-01-03","11:12:30","DESIF5","MAR08","4.4650","1","17894"
"2008-01-03","11:12:54","DESIF5","IUN08","4.6050","3","2738"
"2008-01-03","11:13:32","DESIF2","MAR08","3.5000","4","13796"
"2008-01-03","11:13:45","DESIF2","MAR08","3.5000","2","13796"
"2008-01-03","11:13:45","DESIF2","MAR08","3.5000","3","13796"
"2008-01-03","11:14:00","DESIF5","MAR08","4.4600","30","17894"
"2008-01-03","11:14:11","DESIF2","MAR08","3.5000","2","13796"
"2008-01-03","11:14:23","DESIF2","MAR08","3.5000","5","13796"
"2008-01-03","11:14:29","DESIF2","MAR08","3.5000","5","13796"
"2008-01-03","11:14:30","DESIF5","MAR08","4.4690","2","17894"
"2008-01-03","11:14:33","DESIF2","MAR08","3.5000","5","13796"
"2008-01-03","11:14:35","DESIF5","MAR08","4.4690","3","17894"
"2008-01-03","11:14:35","DESIF5","MAR08","4.4700","2","17894"
"2008-01-03","11:14:38","DESIF2","MAR08","3.5000","15","13796"
"2008-01-03","11:14:46","DESIF5","IUN08","4.6050","2","2738"
"2008-01-03","11:15:05","DESIF5","MAR08","4.4531","1","17894"
"2008-01-03","11:15:13","DESIF5","IUN08","4.6045","1","2738"
"2008-01-03","11:15:23","DESIF2","MAR08","3.5000","2","13796"
"2008-01-03","11:15:23","DESIF2","MAR08","3.5000","3","13796"
"2008-01-03","11:15:23","DESIF2","MAR08","3.5000","3","13796"
"2008-01-03","11:15:23","DESIF2","MAR08","3.5000","1","13796"
"2008-01-03","11:15:23","DESIF2","MAR08","3.5000","1","13796"
"2008-01-03","11:15:34","DESIF2","MAR08","3.4900","1","13796"
"2008-01-03","11:15:34","DESIF2","MAR08","3.4900","2","13796"
"2008-01-03","11:15:34","DESIF2","MAR08","3.4900","2","13796"
"2008-01-03","11:15:50","DEBRK","MAR08","2.8020","1","1230"
"2008-01-03","11:15:50","DEBRK","MAR08","2.7501","1","1230"
"2008-01-03","11:15:50","DEBRK","MAR08","2.7500","13","1230"
"2008-01-03","11:16:02","DESIF2","IUN08","3.7001","1","1092"
"2008-01-03","11:16:21","RON/EUR","MAR08","3.6200","1","528"
"2008-01-03","11:16:31","DESIF5","MAR08","4.4600","10","17894"
"2008-01-03","11:16:31","DESIF5","MAR08","4.4600","3","17894"
"2008-01-03","11:16:35","DESIF5","MAR08","4.4600","17","17894"
"2008-01-03","11:16:35","DESIF5","MAR08","4.4600","5","17894"
"2008-01-03","11:16:39","DESIF2","MAR08","3.4903","1","13796"
"2008-01-03","11:16:39","DESIF2","MAR08","3.4901","1","13796"
"2008-01-03","11:16:47","DESIF5","IUN08","4.6050","1","2738"
"2008-01-03","11:16:47","DESIF5","IUN08","4.6045","2","2738"
"2008-01-03","11:16:47","DESIF5","IUN08","4.6040","10","2738"
"2008-01-03","11:16:47","DESIF5","IUN08","4.6020","5","2738"
"2008-01-03","11:16:49","DESIF5","MAR08","4.4600","2","17894"
"2008-01-03","11:16:54","DESIF5","MAR08","4.4600","5","17894"
"2008-01-03","11:17:05","DESIF5","MAR08","4.4600","1","17894"
"2008-01-03","11:17:05","DESIF5","MAR08","4.4550","2","17894"
"2008-01-03","11:17:05","DESIF5","MAR08","4.4533","3","17894"
"2008-01-03","11:17:05","DESIF5","MAR08","4.4533","5","17894"
"2008-01-03","11:17:05","DESIF5","MAR08","4.4532","25","17894"
"2008-01-03","11:17:05","DESIF5","MAR08","4.4531","14","17894"
"2008-01-03","11:17:05","DESIF5","MAR08","4.4520","1","17894"
"2008-01-03","11:17:05","DESIF5","MAR08","4.4510","1","17894"
"2008-01-03","11:17:05","DESIF5","MAR08","4.4500","3","17894"
"2008-01-03","11:17:05","DESIF5","MAR08","4.4500","15","17894"
"2008-01-03","11:17:20","DESIF2","MAR08","3.4901","4","13796"
"2008-01-03","11:17:20","DESIF2","MAR08","3.4901","1","13796"
"2008-01-03","11:17:22","DESIF2","MAR08","3.5000","2","13796"
"2008-01-03","11:17:22","DESIF2","MAR08","3.5000","1","13796"
"2008-01-03","11:17:38","DESIF2","IUN08","3.6900","1","1092"
"2008-01-03","11:18:05","DESIF5","IUN08","4.6005","1","2738"
"2008-01-03","11:18:21","DESIF5","MAR08","4.4600","1","17894"
"2008-01-03","11:18:46","DESIF5","MAR08","4.4600","5","17894"
"2008-01-03","11:18:46","DESIF2","MAR08","3.4999","5","13796"
"2008-01-03","11:18:46","DESIF2","MAR08","3.5000","10","13796"
"2008-01-03","11:18:48","DESIF5","MAR08","4.4600","4","17894"
"2008-01-03","11:18:48","DESIF5","MAR08","4.4550","1","17894"
"2008-01-03","11:18:52","DESIF5","IUN08","4.6005","5","2738"
"2008-01-03","11:19:08","DESIF5","MAR08","4.4550","9","17894"
"2008-01-03","11:19:09","DESIF2","MAR08","3.5000","4","13796"
"2008-01-03","11:19:12","DESIF2","MAR08","3.4901","5","13796"
"2008-01-03","11:19:12","DESIF2","MAR08","3.4900","2","13796"
"2008-01-03","11:19:12","DESIF2","MAR08","3.4900","8","13796"
"2008-01-03","11:19:42","DESIF2","MAR08","3.4900","10","13796"
"2008-01-03","11:19:43","DESIF5","MAR08","4.4534","2","17894"
"2008-01-03","11:19:43","DESIF5","MAR08","4.4500","1","17894"
"2008-01-03","11:20:27","DESIF2","MAR08","3.4950","5","13796"
"2008-01-03","11:20:43","DESIF5","MAR08","4.4500","1","17894"
"2008-01-03","11:20:44","DESIF2","MAR08","3.4950","3","13796"
"2008-01-03","11:20:53","DESIF2","MAR08","3.5000","3","13796"
"2008-01-03","11:20:53","DESIF2","MAR08","3.5000","7","13796"
"2008-01-03","11:21:26","DESIF2","MAR08","3.5000","2","13796"
"2008-01-03","11:21:27","DESIF2","MAR08","3.5000","2","13796"
"2008-01-03","11:21:50","DESIF5","MAR08","4.4500","3","17894"
"2008-01-03","11:21:54","DESIF5","MAR08","4.4500","7","17894"
"2008-01-03","11:22:07","DESIF2","MAR08","3.5000","5","13796"
"2008-01-03","11:22:39","DESIF2","MAR08","3.5000","1","13796"
"2008-01-03","11:22:45","DESIF5","MAR08","4.4500","1","17894"
"2008-01-03","11:22:48","DESIF2","MAR08","3.5000","2","13796"
"2008-01-03","11:23:07","DESIF5","MAR08","4.4500","9","17894"
"2008-01-03","11:23:12","DESIF2","MAR08","3.5000","2","13796"
"2008-01-03","11:23:12","DESIF2","MAR08","3.5000","8","13796"
"2008-01-03","11:23:24","DESIF2","MAR08","3.5000","2","13796"
"2008-01-03","11:23:32","DESIF2","MAR08","3.5000","1","13796"
"2008-01-03","11:23:32","DESIF2","MAR08","3.5050","8","13796"
"2008-01-03","11:23:58","DESIF2","MAR08","3.5000","1","13796"
"2008-01-03","11:24:06","DESIF2","MAR08","3.5000","3","13796"
"2008-01-03","11:25:06","DESIF5","MAR08","4.4500","1","17894"
"2008-01-03","11:26:48","DESIF2","MAR08","3.4960","3","13796"
"2008-01-03","11:26:48","DESIF2","MAR08","3.4910","7","13796"
"2008-01-03","11:27:15","DESIF5","MAR08","4.4500","2","17894"
"2008-01-03","11:27:15","DESIF5","MAR08","4.4500","2","17894"
"2008-01-03","11:27:15","DESIF5","MAR08","4.4500","2","17894"
"2008-01-03","11:27:32","DESIF2","MAR08","3.4910","3","13796"
"2008-01-03","11:27:32","DESIF2","MAR08","3.4903","1","13796"
"2008-01-03","11:27:32","DESIF2","MAR08","3.4900","2","13796"
"2008-01-03","11:27:32","DESIF2","MAR08","3.4900","5","13796"
"2008-01-03","11:27:40","DESIF5","MAR08","4.4410","3","17894"
"2008-01-03","11:27:40","DESIF5","MAR08","4.4400","5","17894"
"2008-01-03","11:27:40","DESIF5","MAR08","4.4326","1","17894"
"2008-01-03","11:27:40","DESIF5","MAR08","4.4315","14","17894"
"2008-01-03","11:27:40","DESIF5","MAR08","4.4300","7","17894"
"2008-01-03","11:27:57","DESIF2","MAR08","3.4851","5","13796"
"2008-01-03","11:28:09","DESIF2","MAR08","3.4900","6","13796"
"2008-01-03","11:28:23","DESIF5","IUN08","4.6000","2","2738"
"2008-01-03","11:28:30","DESIF5","MAR08","4.4300","4","17894"
"2008-01-03","11:28:32","DESIF2","MAR08","3.4850","1","13796"
"2008-01-03","11:28:32","DESIF2","MAR08","3.4850","4","13796"
"2008-01-03","11:28:38","DESIF5","MAR08","4.4301","3","17894"
"2008-01-03","11:28:38","DESIF5","MAR08","4.4300","7","17894"
"2008-01-03","11:28:59","DESIF2","MAR08","3.4850","5","13796"
"2008-01-03","11:29:09","DESIF5","IUN08","4.6000","1","2738"
"2008-01-03","11:30:07","DESIF5","MAR08","4.4310","1","17894"
"2008-01-03","11:30:20","DESIF2","MAR08","3.4900","10","13796"
"2008-01-03","11:31:41","DESIF2","MAR08","3.4850","1","13796"
"2008-01-03","11:32:04","DESIF5","MAR08","4.4320","1","17894"
"2008-01-03","11:32:04","DESIF5","MAR08","4.4316","2","17894"
"2008-01-03","11:32:04","DESIF5","MAR08","4.4315","2","17894"
"2008-01-03","11:32:20","DESIF2","MAR08","3.4900","10","13796"
"2008-01-03","11:32:28","DESIF2","MAR08","3.4900","13","13796"
"2008-01-03","11:32:36","DESIF5","MAR08","4.4400","20","17894"
"2008-01-03","11:32:37","DESIF2","MAR08","3.4900","2","13796"
"2008-01-03","11:32:37","DESIF2","MAR08","3.4820","2","13796"
"2008-01-03","11:32:37","DESIF2","MAR08","3.4815","6","13796"
"2008-01-03","11:32:53","DESIF5","MAR08","4.4400","4","17894"
"2008-01-03","11:33:05","DESIF2","MAR08","3.4815","1","13796"
"2008-01-03","11:33:14","DESIF5","MAR08","4.4400","1","17894"
"2008-01-03","11:33:23","DESIF2","MAR08","3.4900","1","13796"
"2008-01-03","11:33:26","DESIF2","MAR08","3.4900","1","13796"
"2008-01-03","11:33:39","DESIF2","MAR08","3.4900","10","13796"
"2008-01-03","11:33:46","DESIF2","MAR08","3.4900","4","13796"
"2008-01-03","11:35:07","DESIF2","MAR08","3.4817","8","13796"
"2008-01-03","11:35:16","DESIF2","MAR08","3.4815","3","13796"
"2008-01-03","11:35:36","DESIF5","MAR08","4.4315","1","17894"
"2008-01-03","11:35:36","DESIF5","MAR08","4.4310","2","17894"
"2008-01-03","11:35:36","DESIF5","MAR08","4.4310","2","17894"
"2008-01-03","11:35:44","DESIF5","MAR08","4.4400","4","17894"
"2008-01-03","11:35:44","DESIF5","MAR08","4.4400","9","17894"
"2008-01-03","11:35:44","DESIF5","MAR08","4.4400","10","17894"
"2008-01-03","11:35:50","RON/EUR","MAR08","3.6245","1","528"
"2008-01-03","11:35:53","DESIF5","MAR08","4.4400","20","17894"
"2008-01-03","11:36:12","RON/EUR","MAR08","3.6245","1","528"
"2008-01-03","11:36:43","DESIF5","MAR08","4.4400","5","17894"
"2008-01-03","11:36:57","RON/EUR","MAR08","3.6249","2","528"
"2008-01-03","11:37:38","DESIF5","MAR08","4.4400","1","17894"
"2008-01-03","11:38:04","RON/EUR","MAR08","3.6249","2","528"
"2008-01-03","11:38:27","DESIF5","MAR08","4.4400","1","17894"
"2008-01-03","11:39:43","DESIF2","MAR08","3.4850","2","13796"
"2008-01-03","11:39:43","DESIF2","MAR08","3.4822","2","13796"
"2008-01-03","11:39:43","DESIF2","MAR08","3.4821","5","13796"
"2008-01-03","11:40:28","RON/EUR","MAR08","3.6300","1","528"
"2008-01-03","11:41:29","DESIF5","MAR08","4.4400","9","17894"
"2008-01-03","11:41:29","DESIF5","MAR08","4.4400","2","17894"
"2008-01-03","11:41:43","DESIF2","MAR08","3.4900","12","13796"
"2008-01-03","11:41:43","DESIF2","MAR08","3.4900","3","13796"
"2008-01-03","11:41:50","DESIF5","MAR08","4.4400","5","17894"
"2008-01-03","11:42:14","DESIF2","MAR08","3.4900","3","13796"
"2008-01-03","11:42:25","DESIF2","MAR08","3.4900","1","13796"
"2008-01-03","11:42:33","DESIF2","MAR08","3.4950","3","13796"
"2008-01-03","11:42:33","DESIF2","MAR08","3.4950","10","13796"
"2008-01-03","11:42:50","RON/EUR","MAR08","3.6302","1","528"
"2008-01-03","11:42:50","RON/EUR","MAR08","3.6303","1","528"
"2008-01-03","11:42:50","RON/EUR","MAR08","3.6303","20","528"
"2008-01-03","11:42:52","DESIF5","MAR08","4.4401","2","17894"
"2008-01-03","11:42:52","DESIF5","MAR08","4.4400","3","17894"
"2008-01-03","11:43:07","DESIF5","MAR08","4.4410","1","17894"
"2008-01-03","11:43:13","DESIF5","MAR08","4.4401","1","17894"
"2008-01-03","11:43:14","DESIF2","MAR08","3.4950","8","13796"
"2008-01-03","11:43:21","DESIF2","MAR08","3.4989","1","13796"
"2008-01-03","11:43:21","DESIF2","MAR08","3.4999","19","13796"
"2008-01-03","11:43:24","DESIF2","MAR08","3.4900","1","13796"
"2008-01-03","11:43:24","DESIF2","MAR08","3.4900","4","13796"
"2008-01-03","11:43:42","DESIF2","MAR08","3.4950","2","13796"
"2008-01-03","11:44:05","DESIF2","MAR08","3.4950","1","13796"
"2008-01-03","11:44:05","DESIF2","MAR08","3.4999","4","13796"
"2008-01-03","11:44:25","DESIF5","MAR08","4.4401","2","17894"
"2008-01-03","11:44:25","DESIF5","MAR08","4.4400","3","17894"
"2008-01-03","11:47:37","DESIF5","MAR08","4.4405","1","17894"
"2008-01-03","11:47:37","DESIF5","MAR08","4.4402","2","17894"
"2008-01-03","11:48:36","DESIF5","MAR08","4.4479","1","17894"
"2008-01-03","11:48:41","DESIF2","MAR08","3.4998","1","13796"
"2008-01-03","11:49:00","DESIF5","MAR08","4.4479","1","17894"
"2008-01-03","11:49:00","DESIF5","MAR08","4.4490","1","17894"
"2008-01-03","11:49:23","DESIF5","MAR08","4.4490","4","17894"
"2008-01-03","11:49:23","DESIF5","MAR08","4.4500","1","17894"
"2008-01-03","11:49:43","DESIF2","MAR08","3.4940","15","13796"
"2008-01-03","11:49:43","DESIF2","MAR08","3.4925","10","13796"
"2008-01-03","11:49:43","DESIF2","MAR08","3.4900","15","13796"
"2008-01-03","11:49:47","DESIF5","MAR08","4.4480","2","17894"
"2008-01-03","11:49:54","DESIF2","MAR08","3.4940","1","13796"
"2008-01-03","11:49:54","DESIF2","MAR08","3.4900","1","13796"
"2008-01-03","11:50:26","DESIF2","MAR08","3.4900","3","13796"
"2008-01-03","11:50:36","RON/EUR","MAR08","3.6251","2","528"
"2008-01-03","11:51:07","DESIF5","MAR08","4.4412","20","17894"
"2008-01-03","11:51:53","DESIF5","IUN08","4.5910","1","2738"
"2008-01-03","11:52:33","DESIF5","IUN08","4.5905","1","2738"
"2008-01-03","11:52:37","RON/EUR","MAR08","3.6302","2","528"
"2008-01-03","11:52:37","RON/EUR","MAR08","3.6303","10","528"
"2008-01-03","11:52:41","DESIF5","MAR08","4.4410","3","17894"
"2008-01-03","11:52:42","DESIF5","MAR08","4.4410","1","17894"
"2008-01-03","11:52:42","DESIF5","MAR08","4.4402","5","17894"
"2008-01-03","11:52:42","DESIF5","MAR08","4.4401","1","17894"
"2008-01-03","11:52:55","DEBRK","MAR08","2.7500","1","1230"
"2008-01-03","11:53:15","DESIF2","MAR08","3.4850","3","13796"
"2008-01-03","11:53:15","DESIF2","MAR08","3.4830","7","13796"
"2008-01-03","11:53:43","DESIF2","MAR08","3.4830","1","13796"
"2008-01-03","11:54:43","DESIF5","IUN08","4.5903","2","2738"
"2008-01-03","11:54:45","DEBRK","MAR08","2.7500","29","1230"
"2008-01-03","11:55:18","DESIF5","MAR08","4.4350","1","17894"
"2008-01-03","11:56:18","DESIF5","IUN08","4.5903","1","2738"
"2008-01-03","11:58:07","DESIF2","MAR08","3.4850","1","13796"
"2008-01-03","11:58:07","DESIF2","MAR08","3.4831","1","13796"
"2008-01-03","11:58:07","DESIF2","MAR08","3.4830","7","13796"
"2008-01-03","11:58:07","DESIF2","MAR08","3.4825","5","13796"
"2008-01-03","11:58:07","DESIF2","MAR08","3.4821","5","13796"
"2008-01-03","11:58:07","DESIF2","MAR08","3.4817","10","13796"
"2008-01-03","11:58:07","DESIF2","MAR08","3.4816","10","13796"
"2008-01-03","11:58:07","DESIF2","MAR08","3.4815","121","13796"
"2008-01-03","11:58:12","DESIF2","MAR08","3.4815","19","13796"
"2008-01-03","11:58:12","DESIF2","MAR08","3.4810","2","13796"
"2008-01-03","11:58:12","DESIF2","MAR08","3.4801","1","13796"
"2008-01-03","11:58:12","DESIF2","MAR08","3.4801","8","13796"
"2008-01-03","11:58:30","DESIF2","MAR08","3.4801","2","13796"
"2008-01-03","11:58:33","DESIF5","MAR08","4.4351","1","17894"
"2008-01-03","11:58:33","DESIF5","MAR08","4.4350","4","17894"
"2008-01-03","11:58:33","DESIF5","MAR08","4.4320","2","17894"
"2008-01-03","11:58:33","DESIF5","MAR08","4.4315","4","17894"
"2008-01-03","11:58:33","DESIF5","MAR08","4.4310","3","17894"
"2008-01-03","11:58:33","DESIF5","MAR08","4.4305","7","17894"
"2008-01-03","11:58:33","DESIF5","MAR08","4.4301","2","17894"
"2008-01-03","11:58:33","DESIF5","MAR08","4.4300","5","17894"
"2008-01-03","11:58:43","DESIF5","MAR08","4.4300","5","17894"
"2008-01-03","11:58:50","DESIF5","MAR08","4.4352","5","17894"
"2008-01-03","11:58:50","DESIF5","MAR08","4.4300","15","17894"
"2008-01-03","11:59:06","DESIF5","MAR08","4.4300","1","17894"
"2008-01-03","11:59:48","DESIF5","MAR08","4.4300","10","17894"
"2008-01-03","11:59:53","DESIF2","MAR08","3.4801","5","13796"
"2008-01-03","11:59:53","DESIF2","MAR08","3.4800","3","13796"
"2008-01-03","11:59:53","DESIF2","MAR08","3.4800","15","13796"
"2008-01-03","12:00:09","DESIF5","MAR08","4.4300","3","17894"
"2008-01-03","12:01:26","RON/EUR","SEP08","3.6900","1","44"
"2008-01-03","12:01:30","DESIF2","MAR08","3.4717","1","13796"
"2008-01-03","12:01:30","DESIF2","MAR08","3.4716","2","13796"
"2008-01-03","12:01:34","RON/EUR","MAR08","3.6303","4","528"
"2008-01-03","12:01:34","DESIF2","MAR08","3.4780","5","13796"
"2008-01-03","12:01:45","DESIF5","MAR08","4.4440","1","17894"
"2008-01-03","12:02:18","DESIF5","MAR08","4.4380","1","17894"
"2008-01-03","12:02:18","DESIF5","MAR08","4.4300","4","17894"
"2008-01-03","12:02:23","DESIF2","MAR08","3.4740","8","13796"
"2008-01-03","12:02:41","DESIF2","MAR08","3.4717","1","13796"
"2008-01-03","12:02:41","DESIF2","MAR08","3.4716","1","13796"
"2008-01-03","12:02:52","DESIF2","MAR08","3.4730","10","13796"
"2008-01-03","12:02:53","DESIF2","MAR08","3.4716","2","13796"
"2008-01-03","12:02:53","DESIF2","MAR08","3.4700","2","13796"
"2008-01-03","12:03:17","DESIF5","MAR08","4.4300","1","17894"
"2008-01-03","12:03:29","DESIF5","MAR08","4.4200","1","17894"
"2008-01-03","12:03:55","RON/EUR","MAR08","3.6303","3","528"
"2008-01-03","12:03:58","DESIF5","MAR08","4.4300","5","17894"
"2008-01-03","12:03:59","DESIF5","MAR08","4.4200","4","17894"
"2008-01-03","12:04:55","DESIF2","MAR08","3.4607","4","13796"
"2008-01-03","12:05:10","DESIF5","MAR08","4.4120","1","17894"
"2008-01-03","12:05:16","DESIF5","MAR08","4.4200","1","17894"
"2008-01-03","12:05:28","DESIF5","MAR08","4.4200","1","17894"
"2008-01-03","12:05:35","DESIF2","MAR08","3.4610","2","13796"
"2008-01-03","12:05:37","DESIF2","MAR08","3.4769","1","13796"
"2008-01-03","12:05:37","DESIF2","MAR08","3.4770","1","13796"
"2008-01-03","12:06:23","DESIF5","MAR08","4.4167","1","17894"
"2008-01-03","12:06:23","DESIF5","MAR08","4.4120","1","17894"
"2008-01-03","12:06:23","DESIF5","MAR08","4.4116","2","17894"
"2008-01-03","12:06:23","DESIF5","MAR08","4.4115","1","17894"
"2008-01-03","12:06:28","DESIF2","IUN08","3.6501","1","1092"
"2008-01-03","12:06:29","DESIF5","MAR08","4.4150","2","17894"
"2008-01-03","12:06:29","DESIF5","MAR08","4.4200","3","17894"
"2008-01-03","12:06:39","DESIF5","IUN08","4.5903","2","2738"
"2008-01-03","12:07:06","DESIF5","MAR08","4.4200","2","17894"
"2008-01-03","12:07:20","DESIF2","MAR08","3.4750","5","13796"
"2008-01-03","12:07:20","DESIF2","MAR08","3.4760","3","13796"
"2008-01-03","12:07:20","DESIF2","MAR08","3.4769","1","13796"
"2008-01-03","12:07:20","DESIF2","MAR08","3.4770","1","13796"
"2008-01-03","12:07:23","DESIF5","IUN08","4.5900","1","2738"
"2008-01-03","12:07:23","DESIF5","IUN08","4.5900","5","2738"
"2008-01-03","12:07:23","DESIF5","IUN08","4.5900","6","2738"
"2008-01-03","12:07:34","RON/EUR","MAR08","3.6303","5","528"
"2008-01-03","12:10:00","DESIF5","MAR08","4.4200","2","17894"
"2008-01-03","12:10:24","DESIF2","MAR08","3.4750","10","13796"
"2008-01-03","12:11:50","DESIF2","MAR08","3.4750","2","13796"
"2008-01-03","12:11:55","DESIF2","MAR08","3.4750","1","13796"
"2008-01-03","12:12:21","RON/EUR","MAR08","3.6303","4","528"
"2008-01-03","12:13:25","DESIF2","MAR08","3.4750","2","13796"
"2008-01-03","12:13:26","DESIF2","MAR08","3.4750","2","13796"
"2008-01-03","12:13:41","RON/EUR","MAR08","3.6252","7","528"
"2008-01-03","12:14:17","DESIF2","MAR08","3.4750","2","13796"
"2008-01-03","12:14:28","DESIF2","MAR08","3.4750","1","13796"
"2008-01-03","12:14:33","DESIF2","MAR08","3.4769","1","13796"
"2008-01-03","12:14:33","DESIF2","MAR08","3.4770","8","13796"
"2008-01-03","12:14:33","DESIF2","MAR08","3.4799","1","13796"
"2008-01-03","12:14:33","DESIF2","MAR08","3.4800","10","13796"
"2008-01-03","12:14:33","DESIF2","MAR08","3.4800","40","13796"
"2008-01-03","12:14:35","DEBRK","MAR08","2.7500","30","1230"
"2008-01-03","12:14:40","DESIF2","MAR08","3.4720","2","13796"
"2008-01-03","12:14:40","DESIF2","MAR08","3.4710","1","13796"
"2008-01-03","12:14:40","DESIF2","MAR08","3.4702","1","13796"
"2008-01-03","12:14:47","DESIF2","MAR08","3.4800","10","13796"
"2008-01-03","12:14:48","DESIF2","MAR08","3.4800","10","13796"
"2008-01-03","12:14:53","DESIF2","MAR08","3.4800","10","13796"
"2008-01-03","12:15:02","DESIF5","MAR08","4.4289","1","17894"
"2008-01-03","12:15:02","DESIF5","MAR08","4.4290","5","17894"
"2008-01-03","12:15:02","DESIF5","MAR08","4.4300","3","17894"
"2008-01-03","12:15:32","DEBRK","MAR08","2.7500","5","1230"
"2008-01-03","12:16:15","DESIF2","MAR08","3.4894","10","13796"
"2008-01-03","12:17:39","DESIF2","SEP08","3.9000","1","74"
"2008-01-03","12:17:50","DESIF5","IUN08","4.5900","2","2738"
"2008-01-03","12:17:51","DESIF2","MAR08","3.4800","2","13796"
"2008-01-03","12:18:51","DESIF2","MAR08","3.4840","2","13796"
"2008-01-03","12:19:37","RON/EUR","MAR08","3.6300","5","528"
"2008-01-03","12:20:01","RON/EUR","MAR08","3.6303","3","528"
"2008-01-03","12:20:01","DESIF2","MAR08","3.4830","10","13796"
"2008-01-03","12:20:01","DESIF2","MAR08","3.4839","5","13796"
"2008-01-03","12:20:01","DESIF2","MAR08","3.4840","25","13796"
"2008-01-03","12:20:30","DESIF2","MAR08","3.4850","2","13796"
"2008-01-03","12:22:12","DESIF2","MAR08","3.4850","1","13796"
"2008-01-03","12:22:45","DESIF2","MAR08","3.4850","1","13796"
"2008-01-03","12:23:06","DESIF2","MAR08","3.4850","2","13796"
"2008-01-03","12:23:22","DESIF2","MAR08","3.4830","2","13796"
"2008-01-03","12:24:10","DESIF5","MAR08","4.4300","5","17894"
"2008-01-03","12:25:03","DESIF5","MAR08","4.4300","1","17894"
"2008-01-03","12:25:06","DESIF2","MAR08","3.4750","3","13796"
"2008-01-03","12:25:06","DESIF2","MAR08","3.4712","5","13796"
"2008-01-03","12:25:32","DESIF5","MAR08","4.4300","1","17894"
"2008-01-03","12:25:42","DESIF5","MAR08","4.4350","5","17894"
"2008-01-03","12:25:42","DESIF5","MAR08","4.4350","1","17894"
"2008-01-03","12:25:42","DESIF5","MAR08","4.4377","1","17894"
"2008-01-03","12:25:42","DESIF5","MAR08","4.4380","3","17894"
"2008-01-03","12:27:38","DESIF5","MAR08","4.4350","5","17894"
"2008-01-03","12:27:47","DESIF5","MAR08","4.4380","2","17894"
"2008-01-03","12:27:52","DESIF5","MAR08","4.4389","1","17894"
"2008-01-03","12:27:52","DESIF5","MAR08","4.4390","4","17894"
"2008-01-03","12:27:52","DESIF5","MAR08","4.4399","1","17894"
"2008-01-03","12:27:52","DESIF5","MAR08","4.4400","10","17894"
"2008-01-03","12:27:52","DESIF5","MAR08","4.4400","10","17894"
"2008-01-03","12:27:52","DESIF5","MAR08","4.4400","4","17894"
"2008-01-03","12:27:55","DESIF5","MAR08","4.4400","6","17894"
"2008-01-03","12:27:55","DESIF5","MAR08","4.4440","1","17894"
"2008-01-03","12:29:08","DESIF5","MAR08","4.4400","2","17894"
"2008-01-03","12:29:37","DESIF2","MAR08","3.4850","2","13796"
"2008-01-03","12:29:38","DESIF2","MAR08","3.4850","2","13796"
"2008-01-03","12:29:41","DESIF5","MAR08","4.4400","1","17894"
"2008-01-03","12:29:41","DESIF5","MAR08","4.4400","10","17894"
"2008-01-03","12:30:01","DESIF2","MAR08","3.4850","1","13796"
"2008-01-03","12:30:02","DESIF5","MAR08","4.4440","4","17894"
"2008-01-03","12:30:08","DESIF2","MAR08","3.4850","5","13796"
"2008-01-03","12:30:20","DESIF2","MAR08","3.4850","5","13796"
"2008-01-03","12:30:30","DESIF2","MAR08","3.4869","5","13796"
"2008-01-03","12:30:41","DESIF5","MAR08","4.4440","1","17894"
"2008-01-03","12:30:41","DESIF5","MAR08","4.4445","1","17894"
"2008-01-03","12:30:41","DESIF5","MAR08","4.4448","10","17894"
"2008-01-03","12:30:41","DESIF5","MAR08","4.4469","2","17894"
"2008-01-03","12:30:41","DESIF5","MAR08","4.4480","3","17894"
"2008-01-03","12:30:41","DESIF5","MAR08","4.4500","2","17894"
"2008-01-03","12:30:53","DESIF2","MAR08","3.4869","1","13796"
"2008-01-03","12:31:01","DESIF2","MAR08","3.4850","10","13796"
"2008-01-03","12:31:22","DESIF2","MAR08","3.4869","4","13796"
"2008-01-03","12:31:22","DESIF2","MAR08","3.4877","1","13796"
"2008-01-03","12:31:32","DESIF2","MAR08","3.4850","10","13796"
"2008-01-03","12:31:39","DESIF5","IUN08","4.6000","2","2738"
"2008-01-03","12:32:04","DEBRK","MAR08","2.7650","1","1230"
"2008-01-03","12:32:28","DESIF5","IUN08","4.6000","2","2738"
"2008-01-03","12:32:35","DESIF5","IUN08","4.6000","1","2738"
"2008-01-03","12:32:35","DESIF5","IUN08","4.6000","2","2738"
"2008-01-03","12:32:53","DESIF2","MAR08","3.4890","10","13796"
"2008-01-03","12:32:53","DESIF2","MAR08","3.4893","1","13796"
"2008-01-03","12:32:53","DESIF2","MAR08","3.4894","10","13796"
"2008-01-03","12:32:53","DESIF2","MAR08","3.4899","1","13796"
"2008-01-03","12:32:53","DESIF2","MAR08","3.4900","13","13796"
"2008-01-03","12:32:53","DESIF2","IUN08","3.6900","1","1092"
"2008-01-03","12:33:14","DESIF2","MAR08","3.4900","3","13796"
"2008-01-03","12:33:18","DESIF3","MAR08","2.4350","1","310"
"2008-01-03","12:33:18","DESIF3","MAR08","2.4341","1","310"
"2008-01-03","12:33:25","DESIF2","MAR08","3.4869","1","13796"
"2008-01-03","12:33:25","DESIF2","MAR08","3.4851","1","13796"
"2008-01-03","12:33:43","DESIF5","MAR08","4.4500","5","17894"
"2008-01-03","12:33:43","DESIF5","MAR08","4.4500","2","17894"
"2008-01-03","12:34:46","DESIF3","MAR08","2.4339","1","310"
"2008-01-03","12:35:56","DESIF5","MAR08","4.4400","82","17894"
"2008-01-03","12:35:56","DESIF5","MAR08","4.4350","3","17894"
"2008-01-03","12:35:56","DESIF5","MAR08","4.4270","15","17894"
"2008-01-03","12:36:01","DESIF2","IUN08","3.6900","1","1092"
"2008-01-03","12:36:23","DESIF2","MAR08","3.4851","4","13796"
"2008-01-03","12:36:23","DESIF2","MAR08","3.4850","19","13796"
"2008-01-03","12:36:23","DESIF2","MAR08","3.4850","1","13796"
"2008-01-03","12:36:23","DESIF2","MAR08","3.4850","50","13796"
"2008-01-03","12:36:45","DEBRK","MAR08","2.7800","2","1230"
"2008-01-03","12:37:26","DESIF5","IUN08","4.5950","1","2738"
"2008-01-03","12:38:41","DESIF5","MAR08","4.4300","1","17894"
"2008-01-03","12:40:55","DESIF5","MAR08","4.4305","2","17894"
"2008-01-03","12:40:55","DESIF5","MAR08","4.4304","14","17894"
"2008-01-03","12:40:55","DESIF5","MAR08","4.4301","30","17894"
"2008-01-03","12:41:32","DESIF2","MAR08","3.4830","1","13796"
"2008-01-03","12:44:03","DEBRK","MAR08","2.7800","1","1230"
"2008-01-03","12:44:55","DESIF5","MAR08","4.4300","1","17894"
"2008-01-03","12:45:18","DESIF5","MAR08","4.4300","1","17894"
"2008-01-03","12:45:25","DESIF5","MAR08","4.4280","1","17894"
"2008-01-03","12:45:28","DESIF5","MAR08","4.4300","1","17894"
"2008-01-03","12:47:14","DESIF2","MAR08","3.4790","2","13796"
"2008-01-03","12:47:14","DESIF2","MAR08","3.4788","2","13796"
"2008-01-03","12:48:21","RON/EUR","MAR08","3.6253","1","528"
"2008-01-03","12:50:07","DESIF5","MAR08","4.4400","10","17894"
"2008-01-03","12:50:29","DESIF5","MAR08","4.4400","2","17894"
"2008-01-03","12:50:52","DESIF2","MAR08","3.4800","20","13796"
"2008-01-03","12:50:52","DESIF2","MAR08","3.4800","20","13796"
"2008-01-03","12:50:56","DESIF2","MAR08","3.4849","5","13796"
"2008-01-03","12:50:56","DESIF2","MAR08","3.4850","3","13796"
"2008-01-03","12:50:56","DESIF2","MAR08","3.4850","42","13796"
"2008-01-03","12:51:07","RON/EUR","MAR08","3.6299","1","528"
"2008-01-03","12:51:11","DEBRK","MAR08","2.7800","2","1230"
"2008-01-03","12:51:15","DESIF5","MAR08","4.4400","30","17894"
"2008-01-03","12:51:31","DESIF5","MAR08","4.4449","2","17894"
"2008-01-03","12:51:33","DESIF5","MAR08","4.4400","5","17894"
"2008-01-03","12:52:00","DESIF5","MAR08","4.4400","1","17894"
"2008-01-03","12:52:25","DESIF5","MAR08","4.4400","15","17894"
"2008-01-03","12:52:29","DESIF2","MAR08","3.4850","8","13796"
"2008-01-03","12:52:45","DESIF5","MAR08","4.4400","10","17894"
"2008-01-03","12:52:48","DESIF5","MAR08","4.4450","5","17894"
"2008-01-03","12:54:09","DESIF5","MAR08","4.4476","1","17894"
"2008-01-03","12:54:20","DESIF2","MAR08","3.4850","2","13796"
"2008-01-03","12:54:25","DESIF5","MAR08","4.4476","1","17894"
"2008-01-03","12:54:55","DESIF2","MAR08","3.4799","3","13796"
"2008-01-03","12:55:17","DESIF5","MAR08","4.4400","12","17894"
"2008-01-03","12:55:28","DESIF5","MAR08","4.4400","5","17894"
"2008-01-03","12:55:39","DESIF5","MAR08","4.4400","10","17894"
"2008-01-03","12:58:03","DEBRK","MAR08","2.7700","2","1230"
"2008-01-03","13:00:06","DESIF5","MAR08","4.4325","1","17894"
"2008-01-03","13:00:16","DETEL","MAR08","38.0000","1","20"
"2008-01-03","13:01:21","DESIF5","MAR08","4.4311","1","17894"
"2008-01-03","13:01:53","DESIF5","MAR08","4.4400","5","17894"
"2008-01-03","13:02:30","DESIF2","MAR08","3.4770","5","13796"
"2008-01-03","13:02:30","DESIF2","MAR08","3.4750","2","13796"
"2008-01-03","13:02:30","DESIF2","MAR08","3.4750","1","13796"
"2008-01-03","13:02:30","DESIF2","MAR08","3.4750","1","13796"
"2008-01-03","13:02:30","DESIF2","MAR08","3.4750","1","13796"
"2008-01-03","13:02:30","DESIF2","MAR08","3.4711","1","13796"
"2008-01-03","13:02:30","DESIF2","MAR08","3.4710","1","13796"
"2008-01-03","13:02:30","DESIF2","MAR08","3.4702","1","13796"
"2008-01-03","13:02:30","DESIF2","MAR08","3.4702","1","13796"
"2008-01-03","13:02:30","DESIF2","MAR08","3.4701","1","13796"
"2008-01-03","13:02:30","DESIF2","MAR08","3.4700","14","13796"
"2008-01-03","13:02:47","DESIF5","MAR08","4.4325","2","17894"
"2008-01-03","13:02:47","DESIF5","MAR08","4.4311","3","17894"
"2008-01-03","13:02:47","DESIF5","MAR08","4.4300","1","17894"
"2008-01-03","13:02:47","DESIF5","MAR08","4.4300","2","17894"
"2008-01-03","13:02:48","DESIF5","MAR08","4.4400","5","17894"
"2008-01-03","13:02:58","DESIF5","MAR08","4.4428","1","17894"
"2008-01-03","13:03:57","DESIF2","IUN08","3.6700","1","1092"
"2008-01-03","13:05:34","DESIF5","MAR08","4.4305","1","17894"
"2008-01-03","13:05:50","DESIF5","MAR08","4.4300","1","17894"
"2008-01-03","13:06:12","DESIF5","MAR08","4.4300","2","17894"
"2008-01-03","13:06:18","DESIF3","MAR08","2.4339","1","310"
"2008-01-03","13:07:14","DESIF5","MAR08","4.4300","2","17894"
"2008-01-03","13:08:00","DESIF2","MAR08","3.4700","6","13796"
"2008-01-03","13:08:41","DESIF5","IUN08","4.5920","1","2738"
"2008-01-03","13:08:41","DESIF5","IUN08","4.5910","2","2738"
"2008-01-03","13:08:41","DESIF5","IUN08","4.5900","2","2738"
"2008-01-03","13:08:41","DESIF5","IUN08","4.5900","5","2738"
"2008-01-03","13:09:01","DESIF2","MAR08","3.4650","6","13796"
"2008-01-03","13:09:01","DESIF2","MAR08","3.4640","1","13796"
"2008-01-03","13:09:01","DESIF2","MAR08","3.4640","1","13796"
"2008-01-03","13:09:01","DESIF2","MAR08","3.4628","3","13796"
"2008-01-03","13:09:01","DESIF2","MAR08","3.4625","1","13796"
"2008-01-03","13:09:03","DESIF5","IUN08","4.5880","4","2738"
"2008-01-03","13:09:03","DESIF5","IUN08","4.5861","4","2738"
"2008-01-03","13:09:03","DESIF5","IUN08","4.5860","2","2738"
"2008-01-03","13:09:03","DESIF5","IUN08","4.5855","6","2738"
"2008-01-03","13:09:03","DESIF5","IUN08","4.5851","1","2738"
"2008-01-03","13:09:03","DESIF5","IUN08","4.5850","8","2738"
"2008-01-03","13:09:15","DESIF5","IUN08","4.5850","2","2738"
"2008-01-03","13:09:30","DESIF5","MAR08","4.4270","5","17894"
"2008-01-03","13:09:47","DESIF5","MAR08","4.4300","1","17894"
"2008-01-03","13:11:28","DESIF2","MAR08","3.4610","4","13796"
"2008-01-03","13:11:51","DESIF5","MAR08","4.4300","20","17894"
"2008-01-03","13:12:01","DESIF2","MAR08","3.4610","6","13796"
"2008-01-03","13:12:01","DESIF2","MAR08","3.4605","1","13796"
"2008-01-03","13:12:01","DESIF2","MAR08","3.4602","2","13796"
"2008-01-03","13:12:06","DESIF2","MAR08","3.4600","5","13796"
"2008-01-03","13:12:09","DESIF2","MAR08","3.4600","5","13796"
"2008-01-03","13:12:24","DESIF5","MAR08","4.4300","30","17894"
"2008-01-03","13:12:34","DESIF2","MAR08","3.4540","1","13796"
"2008-01-03","13:12:35","DESIF2","MAR08","3.4600","1","13796"
"2008-01-03","13:12:47","DESIF2","MAR08","3.4620","5","13796"
"2008-01-03","13:12:51","DESIF5","MAR08","4.4299","1","17894"
"2008-01-03","13:13:04","DESNP","MAR08","0.5352","4","280"
"2008-01-03","13:13:04","DESNP","MAR08","0.5351","1","280"
"2008-01-03","13:13:07","DESIF5","MAR08","4.4270","1","17894"
"2008-01-03","13:13:07","DESIF5","MAR08","4.4253","2","17894"
"2008-01-03","13:14:43","DESIF2","MAR08","3.4600","1","13796"
"2008-01-03","13:14:51","DETLV","MAR08","0.9281","1","1916"
"2008-01-03","13:14:56","DESIF2","MAR08","3.4680","2","13796"
"2008-01-03","13:15:17","DESIF5","MAR08","4.4253","4","17894"
"2008-01-03","13:16:35","DESIF5","MAR08","4.4270","1","17894"
"2008-01-03","13:17:20","DESIF2","MAR08","3.4680","5","13796"
"2008-01-03","13:18:13","DESIF5","MAR08","4.4252","1","17894"
"2008-01-03","13:18:13","DESIF5","MAR08","4.4251","6","17894"
"2008-01-03","13:18:13","DESIF5","MAR08","4.4211","1","17894"
"2008-01-03","13:18:13","DESIF5","MAR08","4.4210","2","17894"
"2008-01-03","13:18:26","DESIF5","MAR08","4.4210","3","17894"
"2008-01-03","13:18:26","DESIF5","MAR08","4.4210","2","17894"
"2008-01-03","13:18:26","DESIF5","MAR08","4.4208","1","17894"
"2008-01-03","13:18:26","DESIF5","MAR08","4.4200","1","17894"
"2008-01-03","13:18:26","DESIF5","MAR08","4.4200","5","17894"
"2008-01-03","13:18:26","DESIF5","MAR08","4.4200","2","17894"
"2008-01-03","13:18:37","DESIF2","MAR08","3.4610","1","13796"
"2008-01-03","13:18:37","DESIF2","MAR08","3.4600","4","13796"
"2008-01-03","13:19:05","DESIF2","MAR08","3.4600","6","13796"
"2008-01-03","13:19:05","DESIF2","MAR08","3.4600","1","13796"
"2008-01-03","13:19:56","DESIF5","MAR08","4.4200","6","17894"
"2008-01-03","13:20:09","DESIF5","MAR08","4.4200","3","17894"
"2008-01-03","13:20:30","DESIF2","IUN08","3.6600","1","1092"
"2008-01-03","13:20:32","DESIF5","MAR08","4.4200","2","17894"
"2008-01-03","13:20:52","DESIF5","MAR08","4.4270","1","17894"
"2008-01-03","13:22:21","DESIF5","MAR08","4.4200","3","17894"
"2008-01-03","13:22:36","RON/EUR","SEP08","3.6500","2","44"
"2008-01-03","13:23:07","DESIF5","MAR08","4.4200","1","17894"
"2008-01-03","13:23:14","DESIF2","MAR08","3.4590","1","13796"
"2008-01-03","13:23:14","DESIF2","MAR08","3.4599","1","13796"
"2008-01-03","13:23:14","DESIF2","MAR08","3.4600","1","13796"
"2008-01-03","13:23:14","DESIF2","MAR08","3.4550","5","13796"
"2008-01-03","13:23:29","DESIF2","MAR08","3.4590","1","13796"
"2008-01-03","13:23:29","DESIF2","MAR08","3.4550","4","13796"
"2008-01-03","13:24:01","DESIF2","MAR08","3.4550","1","13796"
"2008-01-03","13:24:07","DESIF2","MAR08","3.4513","2","13796"
"2008-01-03","13:24:30","DESIF5","MAR08","4.4155","1","17894"
"2008-01-03","13:24:42","DESIF2","IUN08","3.6501","1","1092"
"2008-01-03","13:24:42","DESIF2","IUN08","3.6500","1","1092"
"2008-01-03","13:24:43","DESIF2","MAR08","3.4512","1","13796"
"2008-01-03","13:24:58","DESIF2","MAR08","3.4580","1","13796"
"2008-01-03","13:25:02","DESIF2","MAR08","3.4505","1","13796"
"2008-01-03","13:25:18","DERRC","MAR08","0.1145","5","370"
"2008-01-03","13:25:18","DERRC","MAR08","0.1140","2","370"
"2008-01-03","13:25:47","DESIF2","MAR08","3.4502","3","13796"
"2008-01-03","13:27:22","DESIF2","MAR08","3.4502","2","13796"
"2008-01-03","13:27:22","DESIF2","MAR08","3.4500","3","13796"
"2008-01-03","13:27:28","DESIF2","MAR08","3.4500","5","13796"
"2008-01-03","13:27:29","DESIF2","IUN08","3.6300","1","1092"
"2008-01-03","13:27:43","DESIF5","MAR08","4.4155","2","17894"
"2008-01-03","13:27:43","DESIF5","MAR08","4.4150","1","17894"
"2008-01-03","13:27:43","DESIF5","MAR08","4.4150","1","17894"
"2008-01-03","13:27:56","DESIF2","SEP08","3.8300","1","74"
"2008-01-03","13:28:01","DESIF2","MAR08","3.4500","2","13796"
"2008-01-03","13:28:01","DESIF2","MAR08","3.4500","5","13796"
"2008-01-03","13:28:01","DESIF2","MAR08","3.4500","3","13796"
"2008-01-03","13:28:04","DESIF2","MAR08","3.4500","2","13796"
"2008-01-03","13:28:04","DESIF2","MAR08","3.4500","3","13796"
"2008-01-03","13:28:18","DESIF5","IUN08","4.5820","3","2738"
"2008-01-03","13:28:18","DESIF5","IUN08","4.5815","2","2738"
"2008-01-03","13:28:18","DESIF5","IUN08","4.5810","3","2738"
"2008-01-03","13:28:41","DESIF5","IUN08","4.5810","3","2738"
"2008-01-03","13:28:41","DESIF2","SEP08","3.8300","1","74"
"2008-01-03","13:29:15","DESIF2","MAR08","3.4420","3","13796"
"2008-01-03","13:29:22","DESIF5","IUN08","4.5810","1","2738"
"2008-01-03","13:29:22","DESIF5","IUN08","4.5805","2","2738"
"2008-01-03","13:29:22","DESIF5","IUN08","4.5800","4","2738"
"2008-01-03","13:29:27","DESIF5","IUN08","4.5800","4","2738"
"2008-01-03","13:29:30","DESIF2","MAR08","3.4415","2","13796"
"2008-01-03","13:30:21","DESIF5","MAR08","4.4200","5","17894"
"2008-01-03","13:30:21","DESIF5","MAR08","4.4200","5","17894"
"2008-01-03","13:30:44","RON/EUR","MAR08","3.6100","7","528"
"2008-01-03","13:31:10","DESIF2","MAR08","3.4500","5","13796"
"2008-01-03","13:32:38","DESIF2","SEP08","3.8300","2","74"
"2008-01-03","13:33:34","DEBRK","MAR08","2.7700","5","1230"
"2008-01-03","13:34:23","DEBRK","MAR08","2.7699","1","1230"
"2008-01-03","13:34:23","DEBRK","MAR08","2.7700","4","1230"
"2008-01-03","13:34:58","DESIF2","MAR08","3.4500","6","13796"
"2008-01-03","13:36:38","RON/EUR","SEP08","3.6500","3","44"
"2008-01-03","13:37:16","DESIF5","MAR08","4.4200","3","17894"
"2008-01-03","13:37:39","DESIF5","MAR08","4.4200","2","17894"
"2008-01-03","13:37:41","DESIF5","MAR08","4.4200","5","17894"
"2008-01-03","13:37:58","DESIF5","MAR08","4.4200","3","17894"
"2008-01-03","13:37:59","DESIF2","MAR08","3.4500","13","13796"
"2008-01-03","13:38:19","DEBRK","MAR08","2.7650","11","1230"
"2008-01-03","13:40:22","DESIF5","MAR08","4.4160","2","17894"
"2008-01-03","13:40:22","DESIF5","MAR08","4.4150","7","17894"
"2008-01-03","13:40:22","DESIF5","MAR08","4.4143","2","17894"
"2008-01-03","13:40:22","DESIF5","MAR08","4.4133","10","17894"
"2008-01-03","13:40:22","DESIF5","MAR08","4.4131","1","17894"
"2008-01-03","13:40:22","DESIF5","MAR08","4.4130","4","17894"
"2008-01-03","13:40:22","DESIF5","MAR08","4.4125","4","17894"
"2008-01-03","13:40:22","DESIF5","MAR08","4.4120","5","17894"
"2008-01-03","13:40:22","DESIF5","MAR08","4.4115","2","17894"
"2008-01-03","13:40:22","DESIF5","MAR08","4.4111","6","17894"
"2008-01-03","13:40:22","DESIF5","MAR08","4.4111","2","17894"
"2008-01-03","13:40:22","DESIF5","MAR08","4.4110","8","17894"
"2008-01-03","13:40:22","DESIF5","MAR08","4.4106","1","17894"
"2008-01-03","13:40:22","DESIF5","MAR08","4.4105","7","17894"
"2008-01-03","13:40:22","DESIF5","MAR08","4.4100","3","17894"
"2008-01-03","13:40:22","DESIF5","MAR08","4.4100","3","17894"
"2008-01-03","13:40:22","DESIF5","MAR08","4.4030","9","17894"
"2008-01-03","13:40:22","DESIF5","MAR08","4.4022","1","17894"
"2008-01-03","13:40:22","DESIF5","MAR08","4.4010","5","17894"
"2008-01-03","13:40:22","DESIF5","MAR08","4.4010","1","17894"
"2008-01-03","13:40:22","DESIF5","MAR08","4.4009","10","17894"
"2008-01-03","13:40:22","DESIF5","MAR08","4.4008","7","17894"
"2008-01-03","13:40:27","DETEL","MAR08","38.0000","1","20"
"2008-01-03","13:41:20","DESIF2","MAR08","3.4460","1","13796"
"2008-01-03","13:41:20","DESIF2","MAR08","3.4460","2","13796"
"2008-01-03","13:42:21","DESIF5","MAR08","4.4009","3","17894"
"2008-01-03","13:42:26","DESIF2","MAR08","3.4450","2","13796"
"2008-01-03","13:42:26","DESIF2","MAR08","3.4415","1","13796"
"2008-01-03","13:43:06","DESIF2","MAR08","3.4415","5","13796"
"2008-01-03","13:43:11","DESIF2","MAR08","3.4415","1","13796"
"2008-01-03","13:43:14","DESIF5","IUN08","4.5760","1","2738"
"2008-01-03","13:43:21","DESIF2","MAR08","3.4415","1","13796"
"2008-01-03","13:43:21","DESIF2","MAR08","3.4401","1","13796"
"2008-01-03","13:43:26","RON/EUR","MAR08","3.6294","1","528"
"2008-01-03","13:43:32","DESIF5","MAR08","4.4009","3","17894"
"2008-01-03","13:43:39","DESIF2","MAR08","3.4401","1","13796"
"2008-01-03","13:43:39","DESIF2","MAR08","3.4400","1","13796"
"2008-01-03","13:43:56","DESIF2","SEP08","3.8999","1","74"
"2008-01-03","13:44:41","DESIF2","MAR08","3.4400","3","13796"
"2008-01-03","13:45:08","DESIF2","MAR08","3.4334","1","13796"
"2008-01-03","13:45:08","DESIF2","MAR08","3.4333","1","13796"
"2008-01-03","13:45:18","DESIF5","MAR08","4.4023","5","17894"
"2008-01-03","13:45:18","DESIF5","MAR08","4.4023","4","17894"
"2008-01-03","13:45:18","DESIF5","MAR08","4.4022","2","17894"
"2008-01-03","13:45:18","DESIF5","MAR08","4.4021","5","17894"
"2008-01-03","13:45:18","DESIF5","MAR08","4.4021","10","17894"
"2008-01-03","13:45:18","DESIF5","MAR08","4.4020","10","17894"
"2008-01-03","13:45:18","DESIF5","MAR08","4.4011","6","17894"
"2008-01-03","13:45:18","DESIF5","MAR08","4.4008","8","17894"
"2008-01-03","13:45:22","DESIF2","MAR08","3.4310","3","13796"
"2008-01-03","13:45:22","DESIF2","MAR08","3.4308","2","13796"
"2008-01-03","13:45:27","DESIF5","MAR08","4.4008","5","17894"
"2008-01-03","13:45:29","DESIF5","MAR08","4.4005","1","17894"
"2008-01-03","13:45:29","DESIF5","MAR08","4.4000","10","17894"
"2008-01-03","13:45:29","DESIF5","MAR08","4.4000","5","17894"
"2008-01-03","13:45:29","DESIF5","MAR08","4.4000","4","17894"
"2008-01-03","13:45:30","DESIF2","MAR08","3.4400","1","13796"
"2008-01-03","13:45:37","DESIF5","MAR08","4.4010","3","17894"
"2008-01-03","13:45:37","DESIF5","MAR08","4.4000","1","17894"
"2008-01-03","13:45:37","DESIF5","MAR08","4.4000","1","17894"
"2008-01-03","13:45:40","DESIF5","MAR08","4.4000","1","17894"
"2008-01-03","13:45:40","DESIF5","MAR08","4.4000","5","17894"
"2008-01-03","13:45:40","DESIF5","MAR08","4.4000","5","17894"
"2008-01-03","13:46:40","DESIF2","MAR08","3.4400","1","13796"
"2008-01-03","13:47:31","DESIF2","MAR08","3.4400","2","13796"
"2008-01-03","13:47:46","DESIF2","MAR08","3.4400","2","13796"
"2008-01-03","13:47:51","DESIF5","MAR08","4.4008","5","17894"
"2008-01-03","13:48:13","DESIF5","MAR08","4.4000","2","17894"
"2008-01-03","13:48:13","DESIF5","MAR08","4.4000","8","17894"
"2008-01-03","13:49:34","DESIF2","MAR08","3.4400","2","13796"
"2008-01-03","13:49:55","RON/EUR","MAR08","3.6294","4","528"
"2008-01-03","13:50:04","DESIF5","MAR08","4.3906","2","17894"
"2008-01-03","13:50:10","DESIF2","MAR08","3.4400","3","13796"
"2008-01-03","13:50:15","DESIF2","MAR08","3.4400","3","13796"
"2008-01-03","13:50:27","DEBRK","MAR08","2.7601","3","1230"
"2008-01-03","13:50:27","DEBRK","MAR08","2.7600","10","1230"
"2008-01-03","13:50:47","DESIF2","MAR08","3.4400","2","13796"
"2008-01-03","13:51:13","DESIF2","MAR08","3.4400","3","13796"
"2008-01-03","13:51:18","DEBRK","MAR08","2.7555","1","1230"
"2008-01-03","13:51:18","DEBRK","MAR08","2.7500","50","1230"
"2008-01-03","13:51:37","DESIF5","MAR08","4.4000","5","17894"
"2008-01-03","13:51:45","DESIF5","MAR08","4.4000","1","17894"
"2008-01-03","13:51:54","DESIF2","MAR08","3.4449","1","13796"
"2008-01-03","13:51:54","DESIF2","MAR08","3.4450","5","13796"
"2008-01-03","13:52:54","DESIF2","MAR08","3.4500","10","13796"
"2008-01-03","13:52:54","DESIF2","MAR08","3.4500","1","13796"
"2008-01-03","13:52:54","DESIF2","MAR08","3.4500","12","13796"
"2008-01-03","13:53:10","DESIF2","MAR08","3.4500","3","13796"
"2008-01-03","13:54:12","DESIF5","MAR08","4.4098","1","17894"
"2008-01-03","13:54:21","DESIF2","IUN08","3.6300","1","1092"
"2008-01-03","13:54:28","DESIF2","IUN08","3.6300","2","1092"
"2008-01-03","13:54:37","DESIF2","IUN08","3.6300","1","1092"
"2008-01-03","13:54:48","DESIF2","IUN08","3.6300","1","1092"
"2008-01-03","13:56:13","DESIF2","MAR08","3.4460","1","13796"
"2008-01-03","13:56:13","DESIF2","MAR08","3.4450","1","13796"
"2008-01-03","13:57:18","DESIF5","MAR08","4.4006","1","17894"
"2008-01-03","13:57:18","DESIF5","MAR08","4.4005","1","17894"
"2008-01-03","13:57:18","DESIF5","MAR08","4.4001","3","17894"
"2008-01-03","13:57:18","DESIF5","MAR08","4.4000","5","17894"
"2008-01-03","13:58:04","DESIF2","MAR08","3.4450","1","13796"
"2008-01-03","13:59:05","DESIF2","MAR08","3.4351","1","13796"
"2008-01-03","13:59:05","DESIF2","MAR08","3.4350","10","13796"
"2008-01-03","13:59:19","DESIF2","MAR08","3.4340","1","13796"
"2008-01-03","13:59:26","DESIF2","MAR08","3.4350","3","13796"
"2008-01-03","13:59:36","DESIF5","MAR08","4.3909","2","17894"
"2008-01-03","13:59:36","DESIF5","MAR08","4.3907","1","17894"
"2008-01-03","13:59:40","DERRC","MAR08","0.1140","3","370"
"2008-01-03","14:00:12","DESIF2","MAR08","3.4350","1","13796"
"2008-01-03","14:00:17","DESIF2","IUN08","3.6302","1","1092"
"2008-01-03","14:00:17","DESIF2","IUN08","3.6301","2","1092"
"2008-01-03","14:00:35","DESIF5","IUN08","4.5800","1","2738"
"2008-01-03","14:00:51","DESIF2","MAR08","3.4350","1","13796"
"2008-01-03","14:00:51","DESIF2","MAR08","3.4350","2","13796"
"2008-01-03","14:01:00","DESIF5","MAR08","4.3910","1","17894"
"2008-01-03","14:01:08","DESIF5","MAR08","4.3910","2","17894"
"2008-01-03","14:01:08","DESIF5","MAR08","4.3907","6","17894"
"2008-01-03","14:01:08","DESIF5","MAR08","4.3905","10","17894"
"2008-01-03","14:01:08","DESIF5","MAR08","4.3904","1","17894"
"2008-01-03","14:01:19","DESIF5","MAR08","4.3904","5","17894"
"2008-01-03","14:01:20","DESIF2","MAR08","3.4400","3","13796"
"2008-01-03","14:01:31","DESIF5","IUN08","4.5760","3","2738"
"2008-01-03","14:01:31","DESIF5","IUN08","4.5750","5","2738"
"2008-01-03","14:01:31","DESIF5","IUN08","4.5740","7","2738"
"2008-01-03","14:02:13","DESIF5","MAR08","4.3904","1","17894"
"2008-01-03","14:02:16","DESIF5","MAR08","4.3902","2","17894"
"2008-01-03","14:02:18","DESIF2","MAR08","3.4350","1","13796"
"2008-01-03","14:02:56","DESIF5","MAR08","4.3900","1","17894"
"2008-01-03","14:03:03","DESIF2","MAR08","3.4400","3","13796"
"2008-01-03","14:03:16","DESIF2","MAR08","3.4350","2","13796"
"2008-01-03","14:03:25","DERRC","MAR08","0.1131","2","370"
"2008-01-03","14:03:25","DERRC","MAR08","0.1130","1","370"
"2008-01-03","14:03:36","DESIF5","MAR08","4.3802","1","17894"
"2008-01-03","14:03:41","DESIF2","MAR08","3.4400","2","13796"
"2008-01-03","14:03:41","DESIF2","MAR08","3.4400","3","13796"
"2008-01-03","14:03:58","SIBGOLD","MAR08","844.0000","5","38"
"2008-01-03","14:04:23","DESIF5","MAR08","4.3900","1","17894"
"2008-01-03","14:04:44","DESIF5","MAR08","4.3900","3","17894"
"2008-01-03","14:04:46","DESIF2","MAR08","3.4400","1","13796"
"2008-01-03","14:04:50","DESIF2","MAR08","3.4444","1","13796"
"2008-01-03","14:04:50","DESIF2","MAR08","3.4400","24","13796"
"2008-01-03","14:04:50","DESIF2","MAR08","3.4400","1","13796"
"2008-01-03","14:05:25","DESIF5","MAR08","4.3900","2","17894"
"2008-01-03","14:05:36","DESIF5","MAR08","4.3900","1","17894"
"2008-01-03","14:05:39","DESIF5","IUN08","4.5740","2","2738"
"2008-01-03","14:06:09","DESIF2","MAR08","3.4400","12","13796"
"2008-01-03","14:06:17","DESIF5","MAR08","4.3900","1","17894"
"2008-01-03","14:06:24","DESIF2","MAR08","3.4400","12","13796"
"2008-01-03","14:07:25","DESIF2","MAR08","3.4400","1","13796"
"2008-01-03","14:08:35","DESIF5","IUN08","4.5710","4","2738"
"2008-01-03","14:08:35","DESIF5","IUN08","4.5706","1","2738"
"2008-01-03","14:08:35","DESIF5","IUN08","4.5705","5","2738"
"2008-01-03","14:08:35","DESIF5","IUN08","4.5700","3","2738"
"2008-01-03","14:09:16","DESIF5","IUN08","4.5700","1","2738"
"2008-01-03","14:09:44","DESIF5","IUN08","4.5700","3","2738"
"2008-01-03","14:10:25","DESIF5","IUN08","4.5700","1","2738"
"2008-01-03","14:10:39","DESIF5","IUN08","4.5700","1","2738"
"2008-01-03","14:10:48","DESIF5","IUN08","4.5700","1","2738"
"2008-01-03","14:10:48","DESIF5","IUN08","4.5700","1","2738"
"2008-01-03","14:11:15","DESIF2","IUN08","3.6302","1","1092"
"2008-01-03","14:11:15","DESIF2","IUN08","3.6301","2","1092"
"2008-01-03","14:11:42","DESIF2","MAR08","3.4400","3","13796"
"2008-01-03","14:12:51","DESIF5","MAR08","4.3900","3","17894"
"2008-01-03","14:13:06","DESIF2","MAR08","3.4400","2","13796"
"2008-01-03","14:13:06","DESIF2","MAR08","3.4400","6","13796"
"2008-01-03","14:13:06","DESIF2","MAR08","3.4400","2","13796"
"2008-01-03","14:13:17","DESIF2","MAR08","3.4400","1","13796"
"2008-01-03","14:13:40","DESIF5","MAR08","4.3900","2","17894"
"2008-01-03","14:13:40","DESIF2","MAR08","3.4400","2","13796"
"2008-01-03","14:13:46","DESIF5","MAR08","4.3900","1","17894"
"2008-01-03","14:14:33","DESIF2","MAR08","3.4360","5","13796"
"2008-01-03","14:14:33","DESIF2","MAR08","3.4352","5","13796"
"2008-01-03","14:14:55","DESIF2","MAR08","3.4352","10","13796"
"2008-01-03","14:14:55","DESIF2","MAR08","3.4350","5","13796"
"2008-01-03","14:14:55","DESIF2","MAR08","3.4305","1","13796"
"2008-01-03","14:14:55","DESIF2","MAR08","3.4304","4","13796"
"2008-01-03","14:15:12","DESIF2","MAR08","3.4305","1","13796"
"2008-01-03","14:15:28","DESIF2","MAR08","3.4305","7","13796"
"2008-01-03","14:15:28","DESIF2","MAR08","3.4304","54","13796"
"2008-01-03","14:15:28","DESIF2","MAR08","3.4301","4","13796"
"2008-01-03","14:15:28","DESIF2","MAR08","3.4301","5","13796"
"2008-01-03","14:15:28","DESIF2","MAR08","3.4300","25","13796"
"2008-01-03","14:15:28","DESIF2","MAR08","3.4300","1","13796"
"2008-01-03","14:15:46","DESIF2","MAR08","3.4300","5","13796"
"2008-01-03","14:15:46","DESIF2","MAR08","3.4300","6","13796"
"2008-01-03","14:15:50","DESIF5","MAR08","4.3900","3","17894"
"2008-01-03","14:15:53","DESIF2","MAR08","3.4300","23","13796"
"2008-01-03","14:15:54","DESIF5","MAR08","4.3996","5","17894"
"2008-01-03","14:15:54","DESIF5","MAR08","4.3997","3","17894"
"2008-01-03","14:15:54","DESIF5","MAR08","4.3998","5","17894"
"2008-01-03","14:15:54","DESIF5","MAR08","4.3999","1","17894"
"2008-01-03","14:15:54","DESIF5","MAR08","4.3999","1","17894"
"2008-01-03","14:16:14","DESIF2","MAR08","3.4310","10","13796"
"2008-01-03","14:16:50","DESIF2","MAR08","3.4311","1","13796"
"2008-01-03","14:17:00","DESIF5","MAR08","4.3998","2","17894"
"2008-01-03","14:17:00","DESIF5","MAR08","4.3999","5","17894"
"2008-01-03","14:17:00","DESIF5","MAR08","4.4000","3","17894"
"2008-01-03","14:17:10","DESIF5","MAR08","4.4000","6","17894"
"2008-01-03","14:17:10","DESIF5","MAR08","4.4000","14","17894"
"2008-01-03","14:17:10","DERRC","MAR08","0.1130","6","370"
"2008-01-03","14:17:16","DESIF5","MAR08","4.4000","20","17894"
"2008-01-03","14:17:18","DERRC","MAR08","0.1130","1","370"
"2008-01-03","14:17:18","DESIF2","MAR08","3.4410","1","13796"
"2008-01-03","14:17:18","DESIF2","MAR08","3.4439","1","13796"
"2008-01-03","14:17:21","DESIF5","MAR08","4.4000","25","17894"
"2008-01-03","14:17:23","DESIF5","IUN08","4.5739","2","2738"
"2008-01-03","14:17:28","DESIF5","MAR08","4.3902","5","17894"
"2008-01-03","14:17:28","DESIF5","MAR08","4.3901","15","17894"
"2008-01-03","14:17:28","DESIF5","MAR08","4.3900","4","17894"
"2008-01-03","14:17:28","DESIF5","MAR08","4.3900","46","17894"
"2008-01-03","14:17:30","DESIF5","MAR08","4.4000","5","17894"
"2008-01-03","14:17:37","DESIF2","IUN08","3.6300","1","1092"
"2008-01-03","14:18:28","DESIF5","MAR08","4.4090","3","17894"
"2008-01-03","14:18:28","DESIF5","MAR08","4.4098","2","17894"
"2008-01-03","14:18:42","DESIF5","MAR08","4.4000","2","17894"
"2008-01-03","14:18:42","DESIF5","MAR08","4.4000","1","17894"
"2008-01-03","14:18:43","DESIF2","MAR08","3.4400","3","13796"
"2008-01-03","14:18:54","DESIF2","MAR08","3.4400","2","13796"
"2008-01-03","14:18:58","DESIF5","MAR08","4.4098","3","17894"
"2008-01-03","14:18:58","DESIF5","MAR08","4.4100","1","17894"
"2008-01-03","14:18:58","DESIF5","MAR08","4.4100","3","17894"
"2008-01-03","14:19:19","DESIF2","MAR08","3.4400","4","13796"
"2008-01-03","14:19:26","DESIF5","MAR08","4.4100","3","17894"
"2008-01-03","14:19:34","DESIF2","MAR08","3.4400","1","13796"
"2008-01-03","14:20:14","DESIF2","MAR08","3.4400","1","13796"
"2008-01-03","14:20:24","DESIF2","MAR08","3.4400","9","13796"
"2008-01-03","14:21:06","DESIF2","MAR08","3.4400","3","13796"
"2008-01-03","14:21:27","DESIF2","MAR08","3.4400","3","13796"
"2008-01-03","14:22:45","DESIF2","MAR08","3.4400","3","13796"
"2008-01-03","14:25:12","DESIF5","MAR08","4.4009","2","17894"
"2008-01-03","14:25:38","DESIF2","MAR08","3.4400","2","13796"
"2008-01-03","14:25:43","DESIF5","MAR08","4.4009","3","17894"
"2008-01-03","14:25:50","DESIF5","MAR08","4.4009","3","17894"
"2008-01-03","14:26:10","DESIF5","MAR08","4.4009","12","17894"
"2008-01-03","14:26:17","DESIF2","MAR08","3.4400","1","13796"
"2008-01-03","14:26:17","DESIF2","MAR08","3.4400","3","13796"
"2008-01-03","14:26:17","DESIF2","MAR08","3.4400","1","13796"
"2008-01-03","14:28:21","DESIF2","MAR08","3.4400","3","13796"
"2008-01-03","14:31:05","DESIF2","MAR08","3.4420","1","13796"
"2008-01-03","14:31:05","DESIF2","MAR08","3.4420","1","13796"
"2008-01-03","14:31:05","DESIF2","MAR08","3.4429","1","13796"
"2008-01-03","14:31:05","DESIF2","MAR08","3.4430","3","13796"
"2008-01-03","14:32:10","DESIF5","MAR08","4.4100","1","17894"
"2008-01-03","14:32:10","DESIF5","MAR08","4.4100","2","17894"
"2008-01-03","14:32:10","DESIF5","MAR08","4.4100","2","17894"
"2008-01-03","14:32:41","DESIF5","IUN08","4.5739","4","2738"
"2008-01-03","14:32:41","DESIF5","IUN08","4.5739","4","2738"
"2008-01-03","14:32:42","DESIF2","MAR08","3.4440","10","13796"
"2008-01-03","14:32:49","DESIF5","IUN08","4.5739","3","2738"
"2008-01-03","14:34:11","DESIF2","MAR08","3.4450","2","13796"
"2008-01-03","14:35:13","DESIF5","MAR08","4.4175","3","17894"
"2008-01-03","14:35:13","DESIF5","MAR08","4.4180","8","17894"
"2008-01-03","14:36:17","DESIF2","MAR08","3.4450","1","13796"
"2008-01-03","14:37:41","DESIF5","MAR08","4.4197","5","17894"
"2008-01-03","14:37:41","DESIF5","MAR08","4.4198","5","17894"
"2008-01-03","14:37:58","DESIF5","MAR08","4.4198","2","17894"
"2008-01-03","14:37:58","DESIF5","MAR08","4.4199","1","17894"
"2008-01-03","14:37:58","DESIF5","MAR08","4.4199","1","17894"
"2008-01-03","14:37:58","DESIF5","MAR08","4.4200","1","17894"
"2008-01-03","14:38:11","DESIF2","MAR08","3.4495","5","13796"
"2008-01-03","14:39:43","DETLV","MAR08","0.9379","1","1916"
"2008-01-03","14:39:58","DESIF5","MAR08","4.4199","5","17894"
"2008-01-03","14:39:58","DESIF5","MAR08","4.4200","1","17894"
"2008-01-03","14:39:58","DESIF5","MAR08","4.4200","4","17894"
"2008-01-03","14:40:29","DESIF5","IUN08","4.5870","2","2738"
"2008-01-03","14:40:37","DESIF5","MAR08","4.4200","1","17894"
"2008-01-03","14:41:48","DESIF2","MAR08","3.4493","1","13796"
"2008-01-03","14:41:48","DESIF2","MAR08","3.4494","9","13796"
"2008-01-03","14:42:02","DESIF5","MAR08","4.4210","1","17894"
"2008-01-03","14:42:05","DESIF5","IUN08","4.5900","1","2738"
"2008-01-03","14:42:48","DESIF2","MAR08","3.4493","1","13796"
"2008-01-03","14:42:48","DESIF2","MAR08","3.4494","4","13796"
"2008-01-03","14:43:15","DESIF2","MAR08","3.4496","2","13796"
"2008-01-03","14:43:30","DESIF3","MAR08","2.4339","2","310"
"2008-01-03","14:43:30","DESIF3","MAR08","2.4339","1","310"
"2008-01-03","14:43:30","DESIF3","MAR08","2.4339","1","310"
"2008-01-03","14:43:41","DESIF5","MAR08","4.4250","5","17894"
"2008-01-03","14:43:42","DESIF5","MAR08","4.4250","2","17894"
"2008-01-03","14:43:42","DESIF5","MAR08","4.4250","5","17894"
"2008-01-03","14:43:42","DESIF5","MAR08","4.4210","4","17894"
"2008-01-03","14:43:42","DESIF5","MAR08","4.4200","6","17894"
"2008-01-03","14:44:01","DESIF2","MAR08","3.4495","6","13796"
"2008-01-03","14:44:01","DESIF2","MAR08","3.4496","1","13796"
"2008-01-03","14:44:01","DESIF2","MAR08","3.4498","1","13796"
"2008-01-03","14:44:01","DESIF2","MAR08","3.4499","3","13796"
"2008-01-03","14:44:01","DESIF2","MAR08","3.4500","4","13796"
"2008-01-03","14:44:13","DESIF2","MAR08","3.4496","5","13796"
"2008-01-03","14:44:13","DESIF2","MAR08","3.4500","1","13796"
"2008-01-03","14:44:13","DESIF2","MAR08","3.4500","1","13796"
"2008-01-03","14:44:13","DESIF2","MAR08","3.4500","1","13796"
"2008-01-03","14:44:13","DESIF2","MAR08","3.4500","1","13796"
"2008-01-03","14:44:13","DESIF2","MAR08","3.4500","10","13796"
"2008-01-03","14:44:13","DESIF2","MAR08","3.4500","1","13796"
"2008-01-03","14:44:13","DESIF2","MAR08","3.4500","5","13796"
"2008-01-03","14:44:18","DESIF2","MAR08","3.4500","4","13796"
"2008-01-03","14:44:33","DESIF2","MAR08","3.4535","1","13796"
"2008-01-03","14:44:34","DESIF2","MAR08","3.4535","2","13796"
"2008-01-03","14:44:53","DESIF2","MAR08","3.4550","1","13796"
"2008-01-03","14:44:55","DESIF2","MAR08","3.4550","3","13796"
"2008-01-03","14:45:05","DESIF2","MAR08","3.4550","3","13796"
"2008-01-03","14:46:10","DESIF5","MAR08","4.4200","5","17894"
"2008-01-03","14:46:44","DESIF5","MAR08","4.4200","6","17894"
"2008-01-03","14:48:50","DESIF5","MAR08","4.4200","10","17894"
"2008-01-03","14:49:11","DESIF5","MAR08","4.4200","1","17894"
"2008-01-03","14:49:12","DESIF2","MAR08","3.4470","2","13796"
"2008-01-03","14:49:12","DESIF2","MAR08","3.4470","1","13796"
"2008-01-03","14:50:43","DESIF5","MAR08","4.4269","1","17894"
"2008-01-03","14:52:40","DESIF5","MAR08","4.4250","1","17894"
"2008-01-03","14:52:50","DESIF5","MAR08","4.4269","1","17894"
"2008-01-03","14:52:58","DESIF5","MAR08","4.4250","8","17894"
"2008-01-03","14:53:55","DESIF5","MAR08","4.4269","3","17894"
"2008-01-03","14:53:55","DESIF5","MAR08","4.4286","1","17894"
"2008-01-03","14:53:55","DESIF5","MAR08","4.4289","1","17894"
"2008-01-03","14:53:55","DESIF5","MAR08","4.4299","1","17894"
"2008-01-03","14:53:55","DESIF5","MAR08","4.4300","10","17894"
"2008-01-03","14:53:55","DESIF5","MAR08","4.4300","2","17894"
"2008-01-03","14:54:37","DEBRK","MAR08","2.7689","1","1230"
"2008-01-03","14:54:37","DEBRK","MAR08","2.7690","1","1230"
"2008-01-03","14:55:33","DESIF5","MAR08","4.4301","1","17894"
"2008-01-03","14:55:33","DESIF5","MAR08","4.4300","1","17894"
"2008-01-03","14:55:43","DESIF5","MAR08","4.4300","22","17894"
"2008-01-03","14:55:46","DESIF2","MAR08","3.4538","2","13796"
"2008-01-03","14:55:53","DESIF5","MAR08","4.4300","4","17894"
"2008-01-03","14:56:02","DESIF5","MAR08","4.4300","20","17894"
"2008-01-03","14:56:10","DESIF5","MAR08","4.4300","1","17894"
"2008-01-03","14:56:41","DESIF5","MAR08","4.4301","1","17894"
"2008-01-03","14:56:50","DESIF5","MAR08","4.4300","15","17894"
"2008-01-03","14:56:57","DESIF2","MAR08","3.4500","1","13796"
"2008-01-03","14:57:05","DESIF5","MAR08","4.4302","1","17894"
"2008-01-03","14:57:05","DESIF5","MAR08","4.4300","14","17894"
"2008-01-03","14:57:16","DESIF5","MAR08","4.4300","5","17894"
"2008-01-03","14:57:18","DESIF5","MAR08","4.4300","5","17894"
"2008-01-03","14:58:20","DESIF2","MAR08","3.4500","30","13796"
"2008-01-03","14:58:42","DESIF2","IUN08","3.6500","1","1092"
"2008-01-03","14:59:31","DESIF2","MAR08","3.4500","6","13796"
"2008-01-03","14:59:50","DESIF2","MAR08","3.4500","1","13796"
"2008-01-03","15:00:10","DESIF2","MAR08","3.4500","5","13796"
"2008-01-03","15:00:52","DESIF5","MAR08","4.4250","1","17894"
"2008-01-03","15:00:55","DESIF2","IUN08","3.6601","1","1092"
"2008-01-03","15:01:18","DESIF3","MAR08","2.4339","1","310"
"2008-01-03","15:01:38","DESIF5","MAR08","4.4220","1","17894"
"2008-01-03","15:01:38","DESIF5","MAR08","4.4201","2","17894"
"2008-01-03","15:01:52","DESIF2","MAR08","3.4500","1","13796"
"2008-01-03","15:01:52","DESIF2","MAR08","3.4500","1","13796"
"2008-01-03","15:02:05","DESIF5","MAR08","4.4201","8","17894"
"2008-01-03","15:02:05","DESIF5","MAR08","4.4200","22","17894"
"2008-01-03","15:02:24","DESIF5","MAR08","4.4200","6","17894"
"2008-01-03","15:02:32","DESIF5","MAR08","4.4200","2","17894"
"2008-01-03","15:02:44","DESIF5","MAR08","4.4200","20","17894"
"2008-01-03","15:02:49","DESIF5","MAR08","4.4200","20","17894"
"2008-01-03","15:02:54","DESIF2","MAR08","3.4500","3","13796"
"2008-01-03","15:02:57","DESIF5","MAR08","4.4200","2","17894"
"2008-01-03","15:02:57","DESIF5","MAR08","4.4200","3","17894"
"2008-01-03","15:03:35","DESIF2","MAR08","3.4500","1","13796"
"2008-01-03","15:04:48","DESIF2","MAR08","3.4500","3","13796"
"2008-01-03","15:04:48","DESIF2","MAR08","3.4500","1","13796"
"2008-01-03","15:04:48","DESIF2","MAR08","3.4500","4","13796"
"2008-01-03","15:04:48","DESIF2","MAR08","3.4500","1","13796"
"2008-01-03","15:04:48","DESIF2","MAR08","3.4500","4","13796"
"2008-01-03","15:04:56","DESIF2","MAR08","3.4500","3","13796"
"2008-01-03","15:05:17","DESIF2","MAR08","3.4500","2","13796"
"2008-01-03","15:05:21","DESIF2","MAR08","3.4500","2","13796"
"2008-01-03","15:06:28","DESIF5","IUN08","4.5750","1","2738"
"2008-01-03","15:06:28","DESIF5","IUN08","4.5745","2","2738"
"2008-01-03","15:06:44","DESIF5","MAR08","4.4250","3","17894"
"2008-01-03","15:07:33","DESIF5","MAR08","4.4200","1","17894"
"2008-01-03","15:09:28","DESIF5","MAR08","4.4200","2","17894"
"2008-01-03","15:11:17","DESIF5","IUN08","4.5900","6","2738"
"2008-01-03","15:12:56","DESIF2","MAR08","3.4520","1","13796"
"2008-01-03","15:13:19","DESIF5","MAR08","4.4199","5","17894"
"2008-01-03","15:13:19","DESIF5","MAR08","4.4200","1","17894"
"2008-01-03","15:13:58","DESIF2","MAR08","3.4500","19","13796"
"2008-01-03","15:14:59","DESIF2","MAR08","3.4500","3","13796"
"2008-01-03","15:15:21","DESIF2","MAR08","3.4500","2","13796"
"2008-01-03","15:15:45","DESIF2","MAR08","3.4500","7","13796"
"2008-01-03","15:15:57","DESIF5","IUN08","4.5870","3","2738"
"2008-01-03","15:16:41","DESIF2","MAR08","3.4502","8","13796"
"2008-01-03","15:17:00","DESIF2","MAR08","3.4500","30","13796"
"2008-01-03","15:17:32","DESIF2","MAR08","3.4500","2","13796"
"2008-01-03","15:17:34","RON/EUR","SEP08","3.6698","5","44"
"2008-01-03","15:17:37","DESIF5","MAR08","4.4288","5","17894"
"2008-01-03","15:17:37","DESIF5","MAR08","4.4289","1","17894"
"2008-01-03","15:17:37","DESIF5","MAR08","4.4293","5","17894"
"2008-01-03","15:17:37","DESIF5","MAR08","4.4300","1","17894"
"2008-01-03","15:18:02","DESIF5","MAR08","4.4300","1","17894"
"2008-01-03","15:19:03","DESIF2","MAR08","3.4520","1","13796"
"2008-01-03","15:19:03","DESIF2","MAR08","3.4539","1","13796"
"2008-01-03","15:19:03","DESIF2","MAR08","3.4540","3","13796"
"2008-01-03","15:19:04","DESIF2","MAR08","3.4503","1","13796"
"2008-01-03","15:20:10","DESIF5","MAR08","4.4300","5","17894"
"2008-01-03","15:20:16","DESIF5","MAR08","4.4369","5","17894"
"2008-01-03","15:20:42","DESIF2","MAR08","3.4549","1","13796"
"2008-01-03","15:21:04","DESIF2","MAR08","3.4550","1","13796"
"2008-01-03","15:21:04","DESIF2","MAR08","3.4570","1","13796"
"2008-01-03","15:21:33","DESIF2","IUN08","3.6688","1","1092"
"2008-01-03","15:23:53","DESIF2","MAR08","3.4550","10","13796"
"2008-01-03","15:24:06","DEBRK","MAR08","2.7689","1","1230"
"2008-01-03","15:24:20","DEBRK","MAR08","2.7690","2","1230"
"2008-01-03","15:24:23","DESIF5","MAR08","4.4369","1","17894"
"2008-01-03","15:25:19","DESIF5","MAR08","4.4369","4","17894"
"2008-01-03","15:25:19","DESIF5","MAR08","4.4370","2","17894"
"2008-01-03","15:25:56","DESIF5","MAR08","4.4370","8","17894"
"2008-01-03","15:25:56","DESIF5","MAR08","4.4398","1","17894"
"2008-01-03","15:25:56","DESIF5","MAR08","4.4400","5","17894"
"2008-01-03","15:26:14","DESIF2","MAR08","3.4575","1","13796"
"2008-01-03","15:26:14","DESIF2","MAR08","3.4576","1","13796"
"2008-01-03","15:26:14","DESIF2","MAR08","3.4578","2","13796"
"2008-01-03","15:26:14","DESIF2","MAR08","3.4579","1","13796"
"2008-01-03","15:26:14","DESIF2","MAR08","3.4580","1","13796"
"2008-01-03","15:26:25","DESIF2","MAR08","3.4575","1","13796"
"2008-01-03","15:26:31","DESIF2","MAR08","3.4579","1","13796"
"2008-01-03","15:26:31","DESIF2","MAR08","3.4580","1","13796"
"2008-01-03","15:26:37","DESIF5","MAR08","4.4400","10","17894"
"2008-01-03","15:26:45","DESIF2","MAR08","3.4580","15","13796"
"2008-01-03","15:27:03","DESIF2","MAR08","3.4580","1","13796"
"2008-01-03","15:27:14","DESIF2","MAR08","3.4580","5","13796"
"2008-01-03","15:27:47","DESIF2","MAR08","3.4579","1","13796"
"2008-01-03","15:29:03","DESIF5","MAR08","4.4444","1","17894"
"2008-01-03","15:29:10","DESIF2","MAR08","3.4580","5","13796"
"2008-01-03","15:29:10","DESIF2","MAR08","3.4580","1","13796"
"2008-01-03","15:29:10","DESIF2","MAR08","3.4600","1","13796"
"2008-01-03","15:29:10","DESIF2","MAR08","3.4600","3","13796"
"2008-01-03","15:29:24","DESIF2","MAR08","3.4600","2","13796"
"2008-01-03","15:30:09","DESIF2","MAR08","3.4599","1","13796"
"2008-01-03","15:30:09","DESIF2","MAR08","3.4600","14","13796"
"2008-01-03","15:30:40","DETLV","MAR08","0.9379","1","1916"
"2008-01-03","15:31:01","DESIF5","MAR08","4.4443","10","17894"
"2008-01-03","15:31:37","DESIF5","IUN08","4.6000","5","2738"
"2008-01-03","15:31:44","DESIF2","MAR08","3.4600","1","13796"
"2008-01-03","15:31:56","DESIF2","MAR08","3.4600","3","13796"
"2008-01-03","15:31:56","DESIF2","MAR08","3.4600","10","13796"
"2008-01-03","15:32:06","DESIF2","IUN08","3.6600","1","1092"
"2008-01-03","15:32:19","DESIF2","IUN08","3.6600","4","1092"
"2008-01-03","15:32:37","DESIF5","IUN08","4.6000","1","2738"
"2008-01-03","15:33:13","DESIF2","MAR08","3.4600","5","13796"
"2008-01-03","15:33:34","DESIF5","MAR08","4.4430","1","17894"
"2008-01-03","15:33:34","DESIF5","MAR08","4.4444","4","17894"
"2008-01-03","15:33:37","SIBGOLD","MAR08","820.0000","2","38"
"2008-01-03","15:35:04","SIBGOLD","MAR08","816.0000","1","38"
"2008-01-03","15:35:04","SIBGOLD","MAR08","815.0000","5","38"
"2008-01-03","15:35:11","DESIF2","MAR08","3.4600","1","13796"
"2008-01-03","15:35:17","SIBGOLD","MAR08","815.0000","1","38"
"2008-01-03","15:35:37","DESIF2","MAR08","3.4600","1","13796"
"2008-01-03","15:36:09","DESIF2","MAR08","3.4600","4","13796"
"2008-01-03","15:36:23","DESIF5","MAR08","4.4444","5","17894"
"2008-01-03","15:36:23","DESIF5","MAR08","4.4450","5","17894"
"2008-01-03","15:37:14","DESIF2","MAR08","3.4600","1","13796"
"2008-01-03","15:37:32","DEBRK","MAR08","2.7689","1","1230"
"2008-01-03","15:37:32","DEBRK","MAR08","2.7690","2","1230"
"2008-01-03","15:39:18","DESIF5","MAR08","4.4450","5","17894"
"2008-01-03","15:39:20","DESIF2","MAR08","3.4599","1","13796"
"2008-01-03","15:39:20","DESIF2","MAR08","3.4600","1","13796"
"2008-01-03","15:39:26","DESIF2","MAR08","3.4600","40","13796"
"2008-01-03","15:40:02","DETLV","IUN08","1.0397","1","14"
"2008-01-03","15:40:02","DETLV","IUN08","1.0398","1","14"
"2008-01-03","15:40:02","DETLV","IUN08","1.0400","1","14"
"2008-01-03","15:40:22","DESIF5","MAR08","4.4480","4","17894"
"2008-01-03","15:40:22","DESIF5","MAR08","4.4488","1","17894"
"2008-01-03","15:40:42","DESIF2","MAR08","3.4640","1","13796"
"2008-01-03","15:40:42","DESIF2","MAR08","3.4642","2","13796"
"2008-01-03","15:40:42","DESIF2","MAR08","3.4643","2","13796"
"2008-01-03","15:41:23","DESIF2","MAR08","3.4638","3","13796"
"2008-01-03","15:41:23","DESIF2","MAR08","3.4640","7","13796"
"2008-01-03","15:41:26","DESIF5","MAR08","4.4488","1","17894"
"2008-01-03","15:41:26","DESIF5","MAR08","4.4488","5","17894"
"2008-01-03","15:41:26","DESIF5","MAR08","4.4489","5","17894"
"2008-01-03","15:41:26","DESIF5","MAR08","4.4490","1","17894"
"2008-01-03","15:41:26","DESIF5","MAR08","4.4498","10","17894"
"2008-01-03","15:41:26","DESIF5","MAR08","4.4500","2","17894"
"2008-01-03","15:41:26","DESIF5","MAR08","4.4500","16","17894"
"2008-01-03","15:41:27","DESIF5","MAR08","4.4500","4","17894"
"2008-01-03","15:41:27","DESIF5","MAR08","4.4500","5","17894"
"2008-01-03","15:41:27","DESIF5","MAR08","4.4500","5","17894"
"2008-01-03","15:41:36","DESIF2","MAR08","3.4640","1","13796"
"2008-01-03","15:41:44","DESIF5","MAR08","4.4505","1","17894"
"2008-01-03","15:42:15","DESIF2","MAR08","3.4640","2","13796"
"2008-01-03","15:42:18","DESIF5","MAR08","4.4550","1","17894"
"2008-01-03","15:42:18","DESIF5","MAR08","4.4595","1","17894"
"2008-01-03","15:43:55","DESIF2","MAR08","3.4640","5","13796"
"2008-01-03","15:43:55","DESIF2","MAR08","3.4649","1","13796"
"2008-01-03","15:43:55","DESIF2","MAR08","3.4650","10","13796"
"2008-01-03","15:43:55","DESIF2","MAR08","3.4650","2","13796"
"2008-01-03","15:43:58","SIBGOLD","MAR08","815.0000","5","38"
"2008-01-03","15:44:57","DESIF2","MAR08","3.4650","2","13796"
"2008-01-03","15:47:58","DESIF2","MAR08","3.4650","1","13796"
"2008-01-03","15:47:58","DESIF2","MAR08","3.4650","9","13796"
"2008-01-03","15:49:12","DESIF2","MAR08","3.4649","6","13796"
"2008-01-03","15:49:12","DESIF2","MAR08","3.4649","1","13796"
"2008-01-03","15:49:12","DESIF2","MAR08","3.4650","1","13796"
"2008-01-03","15:49:12","DESIF2","MAR08","3.4650","5","13796"
"2008-01-03","15:49:12","DESIF2","MAR08","3.4650","2","13796"
"2008-01-03","15:49:14","DESIF5","MAR08","4.4500","1","17894"
"2008-01-03","15:49:53","SIBGOLD","MAR08","819.9000","1","38"
"2008-01-03","15:49:56","DESIF2","MAR08","3.4650","1","13796"
"2008-01-03","15:49:59","DESIF5","MAR08","4.4500","1","17894"
"2008-01-03","15:50:18","DESIF5","MAR08","4.4500","1","17894"
"2008-01-03","15:50:20","DESIF2","MAR08","3.4650","1","13796"
"2008-01-03","15:51:19","DESIF5","MAR08","4.4500","7","17894"
"2008-01-03","15:51:19","DESIF5","MAR08","4.4500","5","17894"
"2008-01-03","15:52:32","DESIF2","IUN08","3.6642","1","1092"
"2008-01-03","15:52:38","DESIF2","MAR08","3.4649","5","13796"
"2008-01-03","15:52:38","DESIF2","MAR08","3.4650","1","13796"
"2008-01-03","15:52:38","DESIF2","MAR08","3.4650","9","13796"
"2008-01-03","15:53:40","DETLV","IUN08","1.0300","1","14"
"2008-01-03","15:53:41","DESIF2","IUN08","3.6642","2","1092"
"2008-01-03","15:54:31","DESIF2","MAR08","3.4649","9","13796"
"2008-01-03","15:54:31","DESIF2","MAR08","3.4650","5","13796"
"2008-01-03","15:54:57","DESIF2","IUN08","3.6700","1","1092"
"2008-01-03","15:55:15","DEBRK","MAR08","2.7698","1","1230"
"2008-01-03","15:55:43","DESIF2","MAR08","3.4649","10","13796"
"2008-01-03","15:55:51","DESIF2","IUN08","3.6798","1","1092"
"2008-01-03","15:55:54","DESIF2","MAR08","3.4649","1","13796"
"2008-01-03","15:55:55","DESIF5","MAR08","4.4499","9","17894"
"2008-01-03","15:56:09","DESIF5","MAR08","4.4500","8","17894"
"2008-01-03","15:56:23","DESIF2","MAR08","3.4649","2","13796"
"2008-01-03","15:56:27","DESIF2","IUN08","3.6826","1","1092"
"2008-01-03","15:56:32","DESIF5","MAR08","4.4500","10","17894"
"2008-01-03","15:56:47","DESIF5","MAR08","4.4500","15","17894"
"2008-01-03","15:56:57","DESIF5","MAR08","4.4502","5","17894"
"2008-01-03","15:57:02","DESIF5","MAR08","4.4502","5","17894"
"2008-01-03","15:57:02","DESIF2","MAR08","3.4659","1","13796"
"2008-01-03","15:57:03","DESIF5","MAR08","4.4502","1","17894"
"2008-01-03","15:57:03","DESIF5","MAR08","4.4500","9","17894"
"2008-01-03","15:57:05","DESIF5","MAR08","4.4500","19","17894"
"2008-01-03","15:57:20","DESIF5","MAR08","4.4500","1","17894"
"2008-01-03","15:58:13","DESIF2","MAR08","3.4611","1","13796"
"2008-01-03","15:58:13","DESIF2","MAR08","3.4610","1","13796"
"2008-01-03","15:58:13","DESIF2","MAR08","3.4608","5","13796"
"2008-01-03","15:58:21","DESIF2","MAR08","3.4608","9","13796"
"2008-01-03","15:58:21","DESIF2","MAR08","3.4607","1","13796"
"2008-01-03","15:58:21","DESIF2","MAR08","3.4600","5","13796"
"2008-01-03","15:58:25","DESIF2","MAR08","3.4600","5","13796"
"2008-01-03","15:58:25","DESIF2","MAR08","3.4600","5","13796"
"2008-01-03","15:58:30","DESIF5","IUN08","4.5910","1","2738"
"2008-01-03","15:58:35","DESIF2","MAR08","3.4600","15","13796"
"2008-01-03","15:58:49","DESIF5","MAR08","4.4450","2","17894"
"2008-01-03","15:59:03","DESIF5","MAR08","4.4420","5","17894"
"2008-01-03","15:59:06","DESIF2","MAR08","3.4600","30","13796"
"2008-01-03","15:59:07","DESIF2","MAR08","3.4600","2","13796"
"2008-01-03","15:59:08","DESIF5","MAR08","4.4420","2","17894"
"2008-01-03","15:59:17","DESIF2","MAR08","3.4600","10","13796"
"2008-01-03","15:59:22","DESIF2","MAR08","3.4601","10","13796"
"2008-01-03","15:59:50","DETLV","MAR08","0.9380","1","1916"
"2008-01-03","15:59:54","DESIF2","MAR08","3.4600","13","13796"
"2008-01-03","15:59:54","DESIF2","MAR08","3.4600","1","13796"
"2008-01-03","15:59:58","DESIF5","IUN08","4.5910","2","2738"
"2008-01-03","15:59:59","DESIF5","MAR08","4.4420","3","17894"
"2008-01-03","15:59:59","DESIF5","MAR08","4.4418","1","17894"
"2008-01-03","15:59:59","DESIF5","MAR08","4.4417","1","17894"
